date_time,Canada%2C%20Newfoundland%20and%20Labrador_maxtempC,Canada%2C%20Newfoundland%20and%20Labrador_mintempC,Canada%2C%20Newfoundland%20and%20Labrador_totalSnow_cm,Canada%2C%20Newfoundland%20and%20Labrador_sunHour,Canada%2C%20Newfoundland%20and%20Labrador_uvIndex,Canada%2C%20Newfoundland%20and%20Labrador_moon_illumination,Canada%2C%20Newfoundland%20and%20Labrador_moonrise,Canada%2C%20Newfoundland%20and%20Labrador_moonset,Canada%2C%20Newfoundland%20and%20Labrador_sunrise,Canada%2C%20Newfoundland%20and%20Labrador_sunset,Canada%2C%20Newfoundland%20and%20Labrador_DewPointC,Canada%2C%20Newfoundland%20and%20Labrador_FeelsLikeC,Canada%2C%20Newfoundland%20and%20Labrador_HeatIndexC,Canada%2C%20Newfoundland%20and%20Labrador_WindChillC,Canada%2C%20Newfoundland%20and%20Labrador_WindGustKmph,Canada%2C%20Newfoundland%20and%20Labrador_cloudcover,Canada%2C%20Newfoundland%20and%20Labrador_humidity,Canada%2C%20Newfoundland%20and%20Labrador_precipMM,Canada%2C%20Newfoundland%20and%20Labrador_pressure,Canada%2C%20Newfoundland%20and%20Labrador_tempC,Canada%2C%20Newfoundland%20and%20Labrador_visibility,Canada%2C%20Newfoundland%20and%20Labrador_winddirDegree,Canada%2C%20Newfoundland%20and%20Labrador_windspeedKmph,Canada%2C%20Newfoundland%20and%20Labrador_location
2020-01-01,-1,-9,0.0,3.3,1,37,11:38 AM,11:00 PM,07:52 AM,04:21 PM,-2,-7,-2,-7,38,97,92,11.4,1009,-1,5,139,25,Canada%2C%20Newfoundland%20and%20Labrador
2020-01-02,1,-2,1.9,6.9,1,44,11:57 AM,No moonset,07:52 AM,04:22 PM,-2,-6,-0,-6,33,63,89,2.2,997,1,7,224,20,Canada%2C%20Newfoundland%20and%20Labrador
2020-01-03,-1,-8,0.0,3.3,1,51,12:17 PM,12:03 AM,07:52 AM,04:23 PM,-4,-9,-2,-9,46,71,83,0.1,1002,-1,8,257,33,Canada%2C%20Newfoundland%20and%20Labrador
2020-01-04,0,-9,0.3,3.3,1,59,12:37 PM,01:07 AM,07:52 AM,04:24 PM,-2,-7,-2,-7,30,76,91,0.4,1003,0,8,253,19,Canada%2C%20Newfoundland%20and%20Labrador
2020-01-05,-1,-8,1.7,3.3,1,66,12:59 PM,02:11 AM,07:52 AM,04:25 PM,-2,-5,-2,-5,25,90,96,15.3,994,-1,3,156,17,Canada%2C%20Newfoundland%20and%20Labrador
2020-01-06,0,-4,0.3,3.3,1,73,01:25 PM,03:18 AM,07:51 AM,04:26 PM,-3,-9,-1,-9,59,100,91,50.0,987,0,2,262,44,Canada%2C%20Newfoundland%20and%20Labrador
2020-01-07,-3,-7,0.6,3.3,1,80,01:55 PM,04:25 AM,07:51 AM,04:27 PM,-7,-8,-5,-8,10,85,89,0.7,1015,-3,8,206,6,Canada%2C%20Newfoundland%20and%20Labrador
2020-01-08,-1,-10,0.0,5.1,1,88,02:33 PM,05:35 AM,07:51 AM,04:28 PM,-3,-8,-4,-8,41,72,93,12.5,1011,-1,8,173,24,Canada%2C%20Newfoundland%20and%20Labrador
2020-01-09,-0,-5,0.0,3.3,1,95,03:22 PM,06:41 AM,07:51 AM,04:30 PM,-3,-10,-1,-10,71,96,87,7.8,989,-0,4,265,48,Canada%2C%20Newfoundland%20and%20Labrador
2020-01-10,-10,-17,0.0,8.7,1,100,04:22 PM,07:43 AM,07:50 AM,04:31 PM,-13,-20,-11,-20,44,61,81,0.0,1026,-10,9,288,32,Canada%2C%20Newfoundland%20and%20Labrador
2020-01-11,1,-7,0.2,5.1,1,100,05:32 PM,08:36 AM,07:50 AM,04:32 PM,-1,-6,-1,-6,41,89,92,3.9,1020,1,6,235,26,Canada%2C%20Newfoundland%20and%20Labrador
2020-01-12,3,-13,10.8,3.3,1,83,06:48 PM,09:20 AM,07:49 AM,04:33 PM,-3,-9,-2,-9,50,97,90,23.8,1012,3,6,234,30,Canada%2C%20Newfoundland%20and%20Labrador
2020-01-13,-5,-11,2.2,3.3,1,76,08:08 PM,09:56 AM,07:49 AM,04:35 PM,-10,-15,-7,-15,37,92,84,7.2,1023,-5,5,246,26,Canada%2C%20Newfoundland%20and%20Labrador
2020-01-14,-9,-13,0.2,5.1,1,69,09:27 PM,10:26 AM,07:48 AM,04:36 PM,-13,-18,-10,-18,30,68,79,0.2,1023,-9,9,306,20,Canada%2C%20Newfoundland%20and%20Labrador
2020-01-15,-8,-13,0.0,5.1,1,61,10:45 PM,10:52 AM,07:48 AM,04:37 PM,-12,-16,-10,-16,22,76,84,0.0,1021,-8,10,252,14,Canada%2C%20Newfoundland%20and%20Labrador
2020-01-16,-3,-9,2.9,3.3,1,54,No moonrise,11:16 AM,07:47 AM,04:39 PM,-6,-9,-5,-9,14,97,92,3.4,1011,-3,4,112,10,Canada%2C%20Newfoundland%20and%20Labrador
2020-01-17,-1,-5,1.8,3.4,1,47,12:02 AM,11:41 AM,07:46 AM,04:40 PM,-2,-10,-2,-10,67,100,96,70.4,986,-1,1,105,46,Canada%2C%20Newfoundland%20and%20Labrador
2020-01-18,-7,-12,0.0,3.4,1,40,01:18 AM,12:06 PM,07:45 AM,04:42 PM,-11,-20,-9,-20,69,96,83,12.3,996,-7,5,311,55,Canada%2C%20Newfoundland%20and%20Labrador
2020-01-19,-8,-14,0.0,6.9,1,32,02:32 AM,12:34 PM,07:45 AM,04:43 PM,-13,-18,-11,-18,31,44,81,0.0,1020,-8,9,236,20,Canada%2C%20Newfoundland%20and%20Labrador
2020-01-20,3,-3,15.2,3.4,1,25,03:46 AM,01:07 PM,07:44 AM,04:45 PM,-1,-6,0,-6,50,96,92,26.9,999,3,5,222,34,Canada%2C%20Newfoundland%20and%20Labrador
2020-01-21,-4,-9,0.3,3.4,1,18,04:56 AM,01:47 PM,07:43 AM,04:46 PM,-9,-13,-7,-13,30,82,82,0.6,1017,-4,8,276,19,Canada%2C%20Newfoundland%20and%20Labrador
2020-01-22,-7,-15,0.0,6.9,1,11,06:00 AM,02:34 PM,07:42 AM,04:48 PM,-13,-13,-10,-13,12,31,75,0.0,1033,-7,10,191,7,Canada%2C%20Newfoundland%20and%20Labrador
2020-01-23,-5,-11,0.0,8.7,1,3,06:56 AM,03:29 PM,07:41 AM,04:49 PM,-8,-12,-6,-12,34,52,81,0.0,1023,-5,10,221,24,Canada%2C%20Newfoundland%20and%20Labrador
2020-01-24,-0,-8,0.0,5.2,1,0,07:43 AM,04:30 PM,07:40 AM,04:51 PM,-5,-9,-3,-9,37,63,81,0.4,1022,-0,7,289,26,Canada%2C%20Newfoundland%20and%20Labrador
2020-01-25,-6,-13,0.0,8.7,2,0,08:21 AM,05:34 PM,07:39 AM,04:52 PM,-12,-15,-9,-15,27,5,75,0.0,1030,-6,10,286,18,Canada%2C%20Newfoundland%20and%20Labrador
2020-01-26,-1,-6,0.0,8.7,2,4,08:53 AM,06:39 PM,07:38 AM,04:54 PM,-7,-10,-4,-10,29,25,79,0.0,1023,-1,10,251,18,Canada%2C%20Newfoundland%20and%20Labrador
2020-01-27,3,-2,0.0,3.4,1,11,09:19 AM,07:44 PM,07:37 AM,04:55 PM,0,-4,1,-4,46,99,92,6.8,1003,3,8,194,28,Canada%2C%20Newfoundland%20and%20Labrador
2020-01-28,0,-7,0.1,3.5,1,18,09:41 AM,08:47 PM,07:36 AM,04:57 PM,-1,-5,-1,-5,23,88,93,0.1,996,0,8,288,16,Canada%2C%20Newfoundland%20and%20Labrador
2020-01-29,-1,-7,2.5,3.5,1,26,10:01 AM,09:51 PM,07:35 AM,04:58 PM,-2,-7,-2,-7,29,100,93,2.9,996,-1,4,135,22,Canada%2C%20Newfoundland%20and%20Labrador
2020-01-30,-1,-4,2.3,7.0,1,33,10:20 AM,10:53 PM,07:33 AM,05:00 PM,-5,-9,-2,-9,31,88,86,3.6,1004,-1,5,95,22,Canada%2C%20Newfoundland%20and%20Labrador
2020-01-31,-5,-10,0.3,7.0,1,37,10:40 AM,11:56 PM,07:32 AM,05:02 PM,-8,-12,-6,-12,32,62,84,0.7,1010,-5,8,301,24,Canada%2C%20Newfoundland%20and%20Labrador
2020-02-01,-7,-9,0.4,3.6,1,49,11:01 AM,No moonset,07:31 AM,05:03 PM,-10,-16,-8,-16,28,79,86,0.8,1016,-7,6,285,21,Canada%2C%20Newfoundland%20and%20Labrador
2020-02-02,0,-9,0.0,3.7,1,57,11:24 AM,01:01 AM,07:30 AM,05:05 PM,-4,-10,-4,-10,56,87,90,40.9,1002,0,6,172,34,Canada%2C%20Newfoundland%20and%20Labrador
2020-02-03,-2,-9,4.1,5.3,1,64,11:52 AM,02:07 AM,07:28 AM,05:06 PM,-4,-10,-2,-10,57,80,83,9.4,982,-2,7,236,40,Canada%2C%20Newfoundland%20and%20Labrador
2020-02-04,-2,-9,0.0,8.7,2,72,12:25 PM,03:14 AM,07:27 AM,05:08 PM,-6,-10,-3,-10,46,32,80,0.0,997,-2,9,261,34,Canada%2C%20Newfoundland%20and%20Labrador
2020-02-05,-1,-4,0.4,3.7,1,79,01:08 PM,04:21 AM,07:25 AM,05:10 PM,-5,-9,-2,-9,39,76,85,1.0,1000,-1,7,254,28,Canada%2C%20Newfoundland%20and%20Labrador
2020-02-06,-5,-15,0.0,8.7,1,87,02:01 PM,05:25 AM,07:24 AM,05:11 PM,-10,-16,-8,-16,48,42,76,0.0,1013,-5,10,267,34,Canada%2C%20Newfoundland%20and%20Labrador
2020-02-07,0,-9,2.4,3.7,1,95,03:07 PM,06:22 AM,07:23 AM,05:13 PM,-2,-7,-2,-7,29,99,96,32.0,1002,0,3,121,21,Canada%2C%20Newfoundland%20and%20Labrador
2020-02-08,5,-6,0.1,7.0,1,100,04:21 PM,07:11 AM,07:21 AM,05:14 PM,-3,-8,-0,-8,74,73,81,11.3,988,5,6,236,49,Canada%2C%20Newfoundland%20and%20Labrador
2020-02-09,-6,-14,0.0,7.0,1,100,05:42 PM,07:51 AM,07:20 AM,05:16 PM,-10,-15,-7,-15,44,47,76,0.5,1021,-6,5,269,33,Canada%2C%20Newfoundland%20and%20Labrador
2020-02-10,-3,-10,0.0,5.4,1,83,07:05 PM,08:24 AM,07:18 AM,05:18 PM,-8,-13,-6,-13,39,59,80,0.0,1031,-3,10,237,27,Canada%2C%20Newfoundland%20and%20Labrador
2020-02-11,1,-3,2.6,7.1,1,75,08:26 PM,08:53 AM,07:16 AM,05:19 PM,-2,-6,-1,-6,27,64,92,7.6,1016,1,7,246,18,Canada%2C%20Newfoundland%20and%20Labrador
2020-02-12,0,-6,0.0,3.8,1,68,09:47 PM,09:19 AM,07:15 AM,05:21 PM,-2,-8,-2,-8,56,97,93,26.2,993,0,3,210,38,Canada%2C%20Newfoundland%20and%20Labrador
2020-02-13,-0,-6,0.0,3.8,1,60,11:05 PM,09:44 AM,07:13 AM,05:22 PM,-4,-9,-2,-9,48,89,83,0.5,1003,-0,5,259,35,Canada%2C%20Newfoundland%20and%20Labrador
2020-02-14,-10,-14,0.7,8.7,1,53,No moonrise,10:09 AM,07:12 AM,05:24 PM,-13,-20,-10,-20,41,69,80,2.3,998,-10,7,293,33,Canada%2C%20Newfoundland%20and%20Labrador
2020-02-15,-10,-17,0.0,7.1,1,45,12:22 AM,10:37 AM,07:10 AM,05:25 PM,-15,-23,-13,-23,47,65,82,0.2,1016,-10,7,285,38,Canada%2C%20Newfoundland%20and%20Labrador
2020-02-16,-2,-11,0.0,3.8,1,38,01:38 AM,11:09 AM,07:08 AM,05:27 PM,-6,-11,-4,-11,47,92,81,0.1,1022,-2,9,242,34,Canada%2C%20Newfoundland%20and%20Labrador
2020-02-17,1,-1,0.8,3.8,1,30,02:49 AM,11:46 AM,07:06 AM,05:29 PM,-0,-4,0,-4,28,100,96,1.7,1017,1,6,231,17,Canada%2C%20Newfoundland%20and%20Labrador
2020-02-18,-2,-9,0.3,3.8,1,22,03:55 AM,12:30 PM,07:05 AM,05:30 PM,-7,-12,-5,-12,33,72,84,0.5,1022,-2,8,311,23,Canada%2C%20Newfoundland%20and%20Labrador
2020-02-19,2,-10,0.0,3.9,1,15,04:53 AM,01:23 PM,07:03 AM,05:32 PM,-5,-10,-3,-10,54,80,85,53.7,1017,2,7,205,36,Canada%2C%20Newfoundland%20and%20Labrador
2020-02-20,-3,-12,0.3,7.1,1,7,05:42 AM,02:21 PM,07:01 AM,05:33 PM,-10,-16,-6,-16,56,64,76,0.5,1004,-3,5,263,44,Canada%2C%20Newfoundland%20and%20Labrador
2020-02-21,-9,-13,0.0,8.7,1,0,06:22 AM,03:24 PM,06:59 AM,05:35 PM,-15,-21,-11,-21,43,38,74,0.0,1020,-9,10,273,34,Canada%2C%20Newfoundland%20and%20Labrador
2020-02-22,-6,-12,0.0,7.1,1,0,06:55 AM,04:28 PM,06:58 AM,05:36 PM,-12,-16,-9,-16,26,31,78,0.0,1018,-6,10,263,18,Canada%2C%20Newfoundland%20and%20Labrador
2020-02-23,-0,-3,0.2,7.2,1,0,07:22 AM,05:33 PM,06:56 AM,05:38 PM,-3,-8,-2,-8,37,62,87,0.2,1017,-0,9,240,25,Canada%2C%20Newfoundland%20and%20Labrador
2020-02-24,-1,-7,0.0,8.7,2,0,07:45 AM,06:37 PM,06:54 AM,05:40 PM,-3,-6,-2,-6,21,19,90,0.0,1025,-1,10,192,13,Canada%2C%20Newfoundland%20and%20Labrador
2020-02-25,1,-2,0.0,8.7,1,8,08:06 AM,07:41 PM,06:52 AM,05:41 PM,-1,-4,0,-4,22,74,93,0.0,1017,1,8,215,13,Canada%2C%20Newfoundland%20and%20Labrador
2020-02-26,1,-1,0.3,4.1,1,15,08:25 AM,08:43 PM,06:50 AM,05:43 PM,-1,-3,-0,-3,15,94,95,0.3,1015,1,6,146,10,Canada%2C%20Newfoundland%20and%20Labrador
2020-02-27,-3,-6,0.9,4.1,1,23,08:44 AM,09:46 PM,06:48 AM,05:44 PM,-5,-10,-4,-10,28,95,87,1.1,1020,-3,6,35,22,Canada%2C%20Newfoundland%20and%20Labrador
2020-02-28,1,-5,0.2,4.1,1,30,09:04 AM,10:49 PM,06:46 AM,05:46 PM,-3,-9,-2,-9,45,88,90,12.4,1007,1,3,134,33,Canada%2C%20Newfoundland%20and%20Labrador
2020-02-29,-0,-4,0.0,8.7,1,38,09:26 AM,11:54 PM,06:45 AM,05:47 PM,-5,-8,-2,-8,32,25,83,0.0,1009,-0,10,252,21,Canada%2C%20Newfoundland%20and%20Labrador
2020-03-01,-3,-8,7.6,7.2,1,44,09:51 AM,No moonset,06:43 AM,05:49 PM,-6,-9,-4,-9,27,58,82,8.9,1010,-3,8,130,18,Canada%2C%20Newfoundland%20and%20Labrador
2020-03-02,-1,-4,0.0,4.2,1,51,10:21 AM,01:00 AM,06:41 AM,05:50 PM,-3,-9,-2,-9,47,98,89,8.0,1008,-1,2,72,34,Canada%2C%20Newfoundland%20and%20Labrador
2020-03-03,-0,-9,0.0,5.7,1,58,10:58 AM,02:05 AM,06:39 AM,05:52 PM,-4,-10,-5,-10,39,53,88,7.4,1016,-0,9,233,23,Canada%2C%20Newfoundland%20and%20Labrador
2020-03-04,3,-6,0.0,4.2,1,65,11:45 AM,03:09 AM,06:37 AM,05:53 PM,3,-2,2,-2,47,93,98,8.1,1007,3,8,203,25,Canada%2C%20Newfoundland%20and%20Labrador
2020-03-05,1,-1,0.0,5.7,1,73,12:43 PM,04:07 AM,06:35 AM,05:55 PM,-2,-6,1,-6,61,66,80,0.1,992,1,7,223,39,Canada%2C%20Newfoundland%20and%20Labrador
2020-03-06,-1,-3,0.0,8.7,2,80,01:53 PM,04:59 AM,06:33 AM,05:56 PM,-5,-9,-2,-9,46,33,76,0.0,1002,-1,10,273,34,Canada%2C%20Newfoundland%20and%20Labrador
2020-03-07,-5,-12,0.0,4.2,1,87,03:10 PM,05:43 AM,06:31 AM,05:58 PM,-8,-12,-6,-12,31,72,82,8.0,1013,-5,8,176,23,Canada%2C%20Newfoundland%20and%20Labrador
2020-03-08,-1,-4,0.0,4.2,1,95,04:32 PM,06:19 AM,06:29 AM,05:59 PM,-4,-11,-3,-11,60,99,90,24.3,995,-1,2,211,41,Canada%2C%20Newfoundland%20and%20Labrador
2020-03-09,-4,-20,0.0,7.3,1,100,05:56 PM,06:50 AM,06:27 AM,06:00 PM,-12,-17,-10,-17,46,66,77,0.7,1015,-4,6,285,35,Canada%2C%20Newfoundland%20and%20Labrador
2020-03-10,-9,-17,0.0,10.2,1,100,07:19 PM,07:17 AM,06:25 AM,06:02 PM,-15,-19,-11,-19,28,40,71,0.0,1026,-9,10,279,23,Canada%2C%20Newfoundland%20and%20Labrador
2020-03-11,3,-7,1.3,5.9,1,84,08:42 PM,07:43 AM,06:23 AM,06:03 PM,-1,-6,-1,-6,40,100,96,4.7,1012,3,3,186,24,Canada%2C%20Newfoundland%20and%20Labrador
2020-03-12,-2,-4,0.0,5.9,1,76,10:03 PM,08:08 AM,06:21 AM,06:05 PM,-3,-6,-2,-6,21,66,89,0.0,1017,-2,10,290,13,Canada%2C%20Newfoundland%20and%20Labrador
2020-03-13,-4,-7,0.1,11.6,2,69,11:23 PM,08:36 AM,06:19 AM,06:06 PM,-9,-11,-5,-11,23,38,76,0.1,1029,-4,10,285,16,Canada%2C%20Newfoundland%20and%20Labrador
2020-03-14,3,-4,0.1,6.0,1,62,No moonrise,09:07 AM,06:17 AM,06:08 PM,-3,-7,-0,-7,56,85,85,18.3,1012,3,8,185,36,Canada%2C%20Newfoundland%20and%20Labrador
2020-03-15,-1,-3,0.0,6.0,1,55,12:38 AM,09:44 AM,06:15 AM,06:09 PM,-5,-9,-2,-9,50,89,80,1.5,1005,-1,3,277,35,Canada%2C%20Newfoundland%20and%20Labrador
2020-03-16,-7,-9,0.0,10.2,1,47,01:48 AM,10:27 AM,06:13 AM,06:11 PM,-11,-14,-7,-14,24,39,73,0.0,1028,-7,10,264,17,Canada%2C%20Newfoundland%20and%20Labrador
2020-03-17,-2,-9,0.0,10.2,2,40,02:50 AM,11:18 AM,06:11 AM,06:12 PM,-9,-9,-5,-9,23,27,71,0.0,1036,-2,10,197,15,Canada%2C%20Newfoundland%20and%20Labrador
2020-03-18,2,-2,4.3,6.0,1,33,03:42 AM,12:14 PM,06:09 AM,06:13 PM,-2,-7,0,-7,55,95,88,16.8,1024,2,6,216,35,Canada%2C%20Newfoundland%20and%20Labrador
2020-03-19,-3,-6,0.0,11.6,2,25,04:24 AM,01:16 PM,06:07 AM,06:15 PM,-9,-11,-5,-11,33,14,70,0.0,1032,-3,10,288,23,Canada%2C%20Newfoundland%20and%20Labrador
2020-03-20,-1,-8,0.0,7.4,1,18,04:58 AM,02:20 PM,06:05 AM,06:16 PM,-5,-8,-3,-8,33,66,79,0.4,1035,-1,8,214,22,Canada%2C%20Newfoundland%20and%20Labrador
2020-03-21,8,-2,0.0,8.8,1,11,05:27 AM,03:25 PM,06:03 AM,06:18 PM,1,-3,4,-3,82,63,81,32.4,1001,8,8,227,50,Canada%2C%20Newfoundland%20and%20Labrador
2020-03-22,-5,-7,0.3,8.8,1,4,05:51 AM,04:28 PM,06:01 AM,06:19 PM,-11,-14,-5,-14,41,37,67,0.4,1017,-5,9,287,32,Canada%2C%20Newfoundland%20and%20Labrador
2020-03-23,-2,-12,0.0,12.6,2,0,06:11 AM,05:32 PM,05:59 AM,06:21 PM,-10,-12,-6,-12,33,30,67,0.5,1033,-2,8,290,26,Canada%2C%20Newfoundland%20and%20Labrador
2020-03-24,-0,-5,0.0,11.9,1,0,06:31 AM,06:35 PM,05:57 AM,06:22 PM,-5,-8,-2,-8,31,58,81,0.0,1031,-0,10,223,21,Canada%2C%20Newfoundland%20and%20Labrador
2020-03-25,-1,-2,0.0,7.9,1,3,06:50 AM,07:38 PM,05:55 AM,06:23 PM,-2,-9,-1,-9,72,98,93,46.1,1009,-1,0,161,48,Canada%2C%20Newfoundland%20and%20Labrador
2020-03-26,-1,-8,0.0,12.7,1,11,07:09 AM,08:41 PM,05:53 AM,06:25 PM,-3,-8,-2,-8,32,33,88,0.0,1024,-1,10,153,23,Canada%2C%20Newfoundland%20and%20Labrador
2020-03-27,2,-6,0.0,8.0,1,18,07:30 AM,09:46 PM,05:51 AM,06:26 PM,1,-6,0,-6,64,97,98,66.8,1007,2,6,126,36,Canada%2C%20Newfoundland%20and%20Labrador
2020-03-28,2,-6,0.0,10.6,1,25,07:53 AM,10:51 PM,05:49 AM,06:28 PM,-1,-4,0,-4,26,75,90,1.5,1007,2,8,191,17,Canada%2C%20Newfoundland%20and%20Labrador
2020-03-29,-0,-3,0.3,8.0,1,32,08:21 AM,11:56 PM,05:47 AM,06:29 PM,-2,-8,-1,-8,49,100,91,2.6,1015,-0,5,310,33,Canada%2C%20Newfoundland%20and%20Labrador
2020-03-30,0,-5,0.0,8.0,1,40,08:55 AM,No moonset,05:45 AM,06:31 PM,-1,-7,-1,-7,47,99,95,4.8,1014,0,6,345,32,Canada%2C%20Newfoundland%20and%20Labrador
2020-03-31,2,-3,0.0,8.1,1,44,09:37 AM,12:59 AM,05:43 AM,06:32 PM,1,-3,1,-3,31,98,99,9.6,1013,2,8,95,17,Canada%2C%20Newfoundland%20and%20Labrador
2020-04-01,3,1,0.0,8.1,1,56,10:28 AM,01:59 AM,05:41 AM,06:33 PM,2,-3,2,-3,48,89,97,0.3,1018,3,9,98,24,Canada%2C%20Newfoundland%20and%20Labrador
2020-04-02,2,1,0.0,8.1,1,64,11:31 AM,02:51 AM,05:39 AM,06:35 PM,1,-4,2,-4,50,77,94,0.0,1021,2,10,78,25,Canada%2C%20Newfoundland%20and%20Labrador
2020-04-03,1,-2,0.0,8.1,1,71,12:43 PM,03:37 AM,05:37 AM,06:36 PM,-1,-7,-0,-7,54,93,92,0.0,1018,1,9,42,32,Canada%2C%20Newfoundland%20and%20Labrador
2020-04-04,-0,-2,1.3,8.1,1,79,02:01 PM,04:14 AM,05:35 AM,06:38 PM,-3,-7,-1,-7,32,95,86,1.6,1016,-0,5,35,24,Canada%2C%20Newfoundland%20and%20Labrador
2020-04-05,-1,-4,0.7,9.4,1,87,03:23 PM,04:47 AM,05:33 AM,06:39 PM,-4,-8,-2,-8,23,82,85,0.8,1014,-1,8,9,17,Canada%2C%20Newfoundland%20and%20Labrador
2020-04-06,1,-4,0.0,9.5,1,94,04:46 PM,05:15 AM,05:31 AM,06:41 PM,-4,-5,-1,-5,19,67,82,0.0,1011,1,10,236,14,Canada%2C%20Newfoundland%20and%20Labrador
2020-04-07,-0,-2,4.8,8.2,1,100,06:09 PM,05:41 AM,05:29 AM,06:42 PM,-2,-6,-1,-6,25,100,95,5.7,1008,-0,4,175,18,Canada%2C%20Newfoundland%20and%20Labrador
2020-04-08,0,-4,0.0,12.0,1,100,07:33 PM,06:06 AM,05:27 AM,06:44 PM,-6,-7,-2,-7,26,59,73,0.0,1004,0,10,246,18,Canada%2C%20Newfoundland%20and%20Labrador
2020-04-09,-1,-2,0.4,12.0,1,83,08:56 PM,06:32 AM,05:25 AM,06:45 PM,-4,-7,-1,-7,29,60,82,0.5,1000,-1,9,149,20,Canada%2C%20Newfoundland%20and%20Labrador
2020-04-10,2,-4,0.0,10.8,1,76,10:17 PM,07:03 AM,05:23 AM,06:46 PM,-2,-6,-1,-6,48,63,86,20.1,1002,2,9,180,28,Canada%2C%20Newfoundland%20and%20Labrador
2020-04-11,5,0,1.5,8.3,1,68,11:33 PM,07:38 AM,05:21 AM,06:48 PM,-0,-3,2,-3,39,81,87,7.5,994,5,5,198,23,Canada%2C%20Newfoundland%20and%20Labrador
2020-04-12,4,-1,0.1,12.0,1,61,No moonrise,08:19 AM,05:19 AM,06:49 PM,-2,-4,1,-4,36,37,81,0.4,1013,4,10,235,20,Canada%2C%20Newfoundland%20and%20Labrador
2020-04-13,4,-2,0.0,13.3,1,53,12:41 AM,09:08 AM,05:17 AM,06:51 PM,-2,-3,1,-3,24,32,81,0.0,1027,4,10,263,14,Canada%2C%20Newfoundland%20and%20Labrador
2020-04-14,7,0,0.0,8.4,1,46,01:39 AM,10:04 AM,05:15 AM,06:52 PM,2,-0,4,-0,48,81,88,7.9,1019,7,8,206,23,Canada%2C%20Newfoundland%20and%20Labrador
2020-04-15,4,0,0.0,12.1,1,38,02:25 AM,11:06 AM,05:13 AM,06:54 PM,-1,-1,3,-1,24,43,80,0.8,1012,4,9,212,13,Canada%2C%20Newfoundland%20and%20Labrador
2020-04-16,4,0,0.0,8.4,1,30,03:02 AM,12:10 PM,05:11 AM,06:55 PM,-0,-3,2,-3,44,84,84,23.2,1000,4,6,247,26,Canada%2C%20Newfoundland%20and%20Labrador
2020-04-17,2,-3,0.0,13.3,1,23,03:32 AM,01:16 PM,05:09 AM,06:56 PM,-6,-5,-0,-5,25,49,65,0.2,1010,2,10,262,17,Canada%2C%20Newfoundland%20and%20Labrador
2020-04-18,3,-2,0.3,12.1,1,15,03:57 AM,02:20 PM,05:08 AM,06:58 PM,-5,-5,0,-5,29,35,69,0.4,1014,3,9,252,18,Canada%2C%20Newfoundland%20and%20Labrador
2020-04-19,2,-4,0.0,8.5,1,8,04:18 AM,03:24 PM,05:06 AM,06:59 PM,-1,-6,0,-6,65,99,91,47.8,1003,2,5,134,42,Canada%2C%20Newfoundland%20and%20Labrador
2020-04-20,3,-5,0.0,8.7,1,0,04:38 AM,04:27 PM,05:04 AM,07:01 PM,1,-4,2,-4,52,93,95,9.0,994,3,8,215,31,Canada%2C%20Newfoundland%20and%20Labrador
2020-04-21,1,-9,6.0,9.9,1,0,04:56 AM,05:30 PM,05:02 AM,07:02 PM,-1,-5,-1,-5,41,76,92,28.1,997,1,6,215,25,Canada%2C%20Newfoundland%20and%20Labrador
2020-04-22,4,-2,0.0,14.0,2,0,05:15 AM,06:33 PM,05:00 AM,07:04 PM,-2,-4,1,-4,40,8,84,0.0,1011,4,10,201,22,Canada%2C%20Newfoundland%20and%20Labrador
2020-04-23,4,-0,4.9,13.4,1,0,05:35 AM,07:39 PM,04:58 AM,07:05 PM,-2,-4,2,-4,45,49,79,13.7,1007,4,9,210,27,Canada%2C%20Newfoundland%20and%20Labrador
2020-04-24,4,-1,0.0,11.2,1,7,05:57 AM,08:44 PM,04:57 AM,07:06 PM,-3,-4,2,-4,40,68,75,0.1,1013,4,9,232,25,Canada%2C%20Newfoundland%20and%20Labrador
2020-04-25,2,-6,1.3,10.2,1,15,06:23 AM,09:50 PM,04:55 AM,07:08 PM,0,-4,0,-4,36,77,93,25.6,1007,2,8,212,22,Canada%2C%20Newfoundland%20and%20Labrador
2020-04-26,5,-1,0.0,14.5,2,22,06:55 AM,10:54 PM,04:53 AM,07:09 PM,-1,-3,2,-3,35,2,79,0.0,1018,5,10,265,21,Canada%2C%20Newfoundland%20and%20Labrador
2020-04-27,4,0,0.0,12.4,1,30,07:34 AM,11:55 PM,04:51 AM,07:11 PM,-3,-2,2,-2,23,37,71,0.0,1025,4,10,187,14,Canada%2C%20Newfoundland%20and%20Labrador
2020-04-28,1,-0,0.0,13.4,1,37,08:22 AM,No moonset,04:50 AM,07:12 PM,-3,-6,1,-6,41,31,79,0.0,1020,1,10,72,29,Canada%2C%20Newfoundland%20and%20Labrador
2020-04-29,1,-1,0.0,11.3,1,45,09:20 AM,12:49 AM,04:48 AM,07:14 PM,-2,-6,0,-6,49,64,83,0.1,1017,1,7,109,33,Canada%2C%20Newfoundland%20and%20Labrador
2020-04-30,3,-5,0.0,12.4,1,52,10:27 AM,01:36 AM,04:46 AM,07:15 PM,-2,-4,1,-4,33,59,79,0.0,1024,3,10,300,23,Canada%2C%20Newfoundland%20and%20Labrador
2020-05-01,10,0,0.0,14.5,3,58,11:41 AM,02:14 AM,04:45 AM,07:16 PM,-2,3,5,3,24,21,61,0.0,1026,10,10,266,12,Canada%2C%20Newfoundland%20and%20Labrador
2020-05-02,9,3,0.0,12.4,2,65,12:58 PM,02:47 AM,04:43 AM,07:18 PM,1,2,6,2,51,57,72,0.0,1018,9,10,196,25,Canada%2C%20Newfoundland%20and%20Labrador
2020-05-03,6,3,0.0,9.2,2,72,02:18 PM,03:15 AM,04:41 AM,07:19 PM,5,1,5,1,56,100,96,28.9,1003,6,8,149,28,Canada%2C%20Newfoundland%20and%20Labrador
2020-05-04,7,3,0.0,9.3,1,80,03:40 PM,03:41 AM,04:40 AM,07:21 PM,2,1,4,1,22,87,89,1.2,1002,7,6,233,14,Canada%2C%20Newfoundland%20and%20Labrador
2020-05-05,2,-5,0.0,9.3,1,87,05:01 PM,04:05 AM,04:38 AM,07:22 PM,1,-4,1,-4,37,96,97,36.9,1000,2,5,106,21,Canada%2C%20Newfoundland%20and%20Labrador
2020-05-06,3,0,0.0,10.3,1,94,06:24 PM,04:30 AM,04:37 AM,07:23 PM,1,-2,2,-2,33,74,92,5.0,996,3,9,169,19,Canada%2C%20Newfoundland%20and%20Labrador
2020-05-07,6,1,0.1,13.5,1,100,07:47 PM,04:58 AM,04:35 AM,07:25 PM,1,-1,3,-1,26,61,85,0.1,1005,6,9,217,15,Canada%2C%20Newfoundland%20and%20Labrador
2020-05-08,3,-6,0.0,9.3,1,100,09:08 PM,05:30 AM,04:34 AM,07:26 PM,1,-3,1,-3,34,94,94,5.9,997,3,6,198,20,Canada%2C%20Newfoundland%20and%20Labrador
2020-05-09,8,2,0.0,12.4,2,84,10:22 PM,06:08 AM,04:32 AM,07:27 PM,1,-0,5,-0,48,68,78,1.0,1007,8,8,227,27,Canada%2C%20Newfoundland%20and%20Labrador
2020-05-10,6,1,0.4,11.4,1,77,11:27 PM,06:55 AM,04:31 AM,07:29 PM,-1,-3,3,-3,61,75,76,17.3,1002,6,6,209,38,Canada%2C%20Newfoundland%20and%20Labrador
2020-05-11,7,0,0.0,11.4,1,70,No moonrise,07:50 AM,04:30 AM,07:30 PM,-1,-2,3,-2,47,59,76,0.0,1010,7,10,234,27,Canada%2C%20Newfoundland%20and%20Labrador
2020-05-12,7,-0,0.0,11.4,2,62,12:20 AM,08:51 AM,04:28 AM,07:31 PM,3,-0,4,-0,49,61,90,7.6,1014,7,10,181,26,Canada%2C%20Newfoundland%20and%20Labrador
2020-05-13,6,2,0.0,9.4,1,55,01:02 AM,09:57 AM,04:27 AM,07:33 PM,2,-0,4,-0,40,89,87,25.6,1001,6,9,219,23,Canada%2C%20Newfoundland%20and%20Labrador
2020-05-14,5,-1,0.0,13.5,1,48,01:35 AM,11:03 AM,04:26 AM,07:34 PM,-3,-4,2,-4,48,48,72,0.0,1003,5,10,237,31,Canada%2C%20Newfoundland%20and%20Labrador
2020-05-15,4,-0,0.3,9.4,1,40,02:02 AM,12:09 PM,04:24 AM,07:35 PM,0,-2,2,-2,25,95,87,1.8,1004,4,9,276,17,Canada%2C%20Newfoundland%20and%20Labrador
2020-05-16,4,0,0.0,12.5,1,33,02:24 AM,01:14 PM,04:23 AM,07:37 PM,-2,-1,2,-1,17,46,78,0.0,1012,4,10,207,11,Canada%2C%20Newfoundland%20and%20Labrador
2020-05-17,4,-0,0.0,10.5,1,26,02:44 AM,02:17 PM,04:22 AM,07:38 PM,-1,-2,2,-2,23,69,84,0.0,1020,4,10,291,16,Canada%2C%20Newfoundland%20and%20Labrador
2020-05-18,3,0,0.0,9.5,1,19,03:03 AM,03:20 PM,04:21 AM,07:39 PM,-0,-0,2,-0,13,78,86,0.0,1020,3,10,129,8,Canada%2C%20Newfoundland%20and%20Labrador
2020-05-19,2,-1,1.4,9.5,1,11,03:22 AM,04:23 PM,04:20 AM,07:40 PM,-1,-3,0,-3,17,83,89,1.7,1023,2,6,98,11,Canada%2C%20Newfoundland%20and%20Labrador
2020-05-20,4,-4,0.0,11.5,1,4,03:41 AM,05:28 PM,04:19 AM,07:41 PM,-2,-2,1,-2,17,49,79,0.0,1023,4,10,244,10,Canada%2C%20Newfoundland%20and%20Labrador
2020-05-21,10,2,0.0,12.5,2,0,04:02 AM,06:34 PM,04:17 AM,07:43 PM,2,1,5,1,55,74,77,0.3,1012,10,9,250,28,Canada%2C%20Newfoundland%20and%20Labrador
2020-05-22,10,1,0.0,12.5,2,0,04:26 AM,07:41 PM,04:16 AM,07:44 PM,3,4,8,4,53,56,77,8.9,1000,10,8,211,27,Canada%2C%20Newfoundland%20and%20Labrador
2020-05-23,6,1,2.4,13.5,1,3,04:56 AM,08:46 PM,04:15 AM,07:45 PM,-3,-2,3,-2,47,47,65,2.8,1005,6,9,288,29,Canada%2C%20Newfoundland%20and%20Labrador
2020-05-24,6,1,0.0,13.5,1,10,05:33 AM,09:50 PM,04:15 AM,07:46 PM,-2,-1,3,-1,29,31,70,0.0,1020,6,10,221,17,Canada%2C%20Newfoundland%20and%20Labrador
2020-05-25,10,1,0.0,13.5,2,17,06:18 AM,10:47 PM,04:14 AM,07:47 PM,-0,4,6,4,20,20,67,0.0,1025,10,10,196,10,Canada%2C%20Newfoundland%20and%20Labrador
2020-05-26,12,7,0.0,13.5,2,25,07:14 AM,11:36 PM,04:13 AM,07:48 PM,2,5,9,5,60,56,64,0.3,1024,12,9,246,31,Canada%2C%20Newfoundland%20and%20Labrador
2020-05-27,11,3,0.0,10.6,2,32,08:18 AM,No moonset,04:12 AM,07:49 PM,6,5,8,5,36,74,89,0.5,1021,11,10,162,19,Canada%2C%20Newfoundland%20and%20Labrador
2020-05-28,11,3,0.0,9.6,2,39,09:30 AM,12:17 AM,04:11 AM,07:50 PM,5,4,7,4,31,72,86,1.9,1019,11,9,208,16,Canada%2C%20Newfoundland%20and%20Labrador
2020-05-29,17,9,0.0,12.6,3,47,10:44 AM,12:51 AM,04:10 AM,07:51 PM,10,10,12,10,36,64,91,0.0,1015,17,9,207,17,Canada%2C%20Newfoundland%20and%20Labrador
2020-05-30,16,12,0.0,12.6,3,54,12:01 PM,01:19 AM,04:10 AM,07:52 PM,12,12,14,12,64,56,90,0.0,1013,16,10,250,31,Canada%2C%20Newfoundland%20and%20Labrador
2020-05-31,15,11,0.0,12.6,3,58,01:20 PM,01:45 AM,04:09 AM,07:53 PM,11,11,13,11,61,56,86,0.0,1017,15,10,223,29,Canada%2C%20Newfoundland%20and%20Labrador
2020-06-01,12,4,0.0,10.6,3,71,02:38 PM,02:08 AM,04:08 AM,07:54 PM,10,7,10,7,57,77,95,0.3,1018,12,9,177,27,Canada%2C%20Newfoundland%20and%20Labrador
2020-06-02,8,-2,0.0,9.7,2,79,03:58 PM,02:31 AM,04:08 AM,07:55 PM,8,3,7,3,76,100,98,6.7,1014,8,6,149,37,Canada%2C%20Newfoundland%20and%20Labrador
2020-06-03,10,6,0.0,11.6,2,86,05:20 PM,02:57 AM,04:07 AM,07:56 PM,4,3,7,3,55,64,83,10.5,1012,10,9,174,28,Canada%2C%20Newfoundland%20and%20Labrador
2020-06-04,9,1,0.0,9.7,2,94,06:40 PM,03:26 AM,04:07 AM,07:57 PM,8,4,8,4,70,98,97,50.1,1010,9,4,186,35,Canada%2C%20Newfoundland%20and%20Labrador
2020-06-05,15,9,0.0,12.6,3,100,07:58 PM,04:00 AM,04:06 AM,07:57 PM,9,9,11,9,40,46,85,0.0,1013,15,10,242,19,Canada%2C%20Newfoundland%20and%20Labrador
2020-06-06,14,10,0.0,10.7,3,100,09:09 PM,04:42 AM,04:06 AM,07:58 PM,10,10,12,10,42,81,88,1.0,1012,14,8,228,20,Canada%2C%20Newfoundland%20and%20Labrador
2020-06-07,13,9,0.0,9.7,3,84,10:08 PM,05:34 AM,04:06 AM,07:59 PM,11,9,11,9,36,100,98,19.9,1007,13,6,205,17,Canada%2C%20Newfoundland%20and%20Labrador
2020-06-08,11,8,0.0,10.0,3,76,10:57 PM,06:33 AM,04:05 AM,08:00 PM,10,7,10,7,42,94,97,18.7,1001,11,7,188,20,Canada%2C%20Newfoundland%20and%20Labrador
2020-06-09,8,-2,0.0,10.9,2,69,11:35 PM,07:39 AM,04:05 AM,08:00 PM,3,2,5,2,38,74,82,0.5,1006,8,8,233,22,Canada%2C%20Newfoundland%20and%20Labrador
2020-06-10,5,-4,0.0,10.9,1,61,No moonrise,08:46 AM,04:05 AM,08:01 PM,4,0,4,0,28,68,94,2.7,1023,5,8,189,15,Canada%2C%20Newfoundland%20and%20Labrador
2020-06-11,9,3,0.0,14.5,2,54,12:04 AM,09:54 AM,04:04 AM,08:01 PM,4,5,7,5,22,38,85,0.0,1030,9,7,184,12,Canada%2C%20Newfoundland%20and%20Labrador
2020-06-12,14,5,0.0,14.5,4,46,12:28 AM,11:00 AM,04:04 AM,08:02 PM,6,7,10,7,36,13,78,0.0,1026,14,10,197,19,Canada%2C%20Newfoundland%20and%20Labrador
2020-06-13,16,11,0.0,10.9,3,38,12:50 AM,12:05 PM,04:04 AM,08:02 PM,12,13,14,13,33,73,91,0.0,1024,16,9,218,16,Canada%2C%20Newfoundland%20and%20Labrador
2020-06-14,13,12,0.0,10.0,3,31,01:09 AM,01:08 PM,04:04 AM,08:03 PM,12,12,12,12,17,94,99,23.8,1028,13,6,218,8,Canada%2C%20Newfoundland%20and%20Labrador
2020-06-15,10,5,0.0,10.0,2,23,01:27 AM,02:11 PM,04:04 AM,08:03 PM,8,7,8,7,16,100,99,22.1,1028,10,5,87,9,Canada%2C%20Newfoundland%20and%20Labrador
2020-06-16,16,11,0.0,12.7,3,16,01:46 AM,03:16 PM,04:04 AM,08:04 PM,7,12,13,12,33,54,73,7.5,1023,16,8,253,16,Canada%2C%20Newfoundland%20and%20Labrador
2020-06-17,18,10,0.0,13.6,3,8,02:06 AM,04:20 PM,04:04 AM,08:04 PM,6,11,13,11,57,40,63,0.0,1021,18,10,249,28,Canada%2C%20Newfoundland%20and%20Labrador
2020-06-18,17,12,0.0,13.6,3,1,02:29 AM,05:27 PM,04:04 AM,08:04 PM,10,12,15,12,46,45,79,3.3,1012,17,10,203,24,Canada%2C%20Newfoundland%20and%20Labrador
2020-06-19,12,5,0.0,12.7,2,0,02:57 AM,06:34 PM,04:04 AM,08:05 PM,8,7,10,7,36,60,86,0.4,1013,12,10,124,22,Canada%2C%20Newfoundland%20and%20Labrador
2020-06-20,8,5,0.0,10.9,2,0,03:31 AM,07:40 PM,04:04 AM,08:05 PM,6,4,7,4,21,85,92,1.0,1018,8,9,76,15,Canada%2C%20Newfoundland%20and%20Labrador
2020-06-21,12,5,0.0,14.5,3,0,04:13 AM,08:40 PM,04:05 AM,08:05 PM,4,8,9,8,13,22,75,0.0,1025,12,10,153,8,Canada%2C%20Newfoundland%20and%20Labrador
2020-06-22,13,7,0.0,10.0,3,7,05:06 AM,09:33 PM,04:05 AM,08:05 PM,6,8,11,8,30,72,76,0.0,1022,13,10,213,16,Canada%2C%20Newfoundland%20and%20Labrador
2020-06-23,19,14,0.0,13.6,4,14,06:08 AM,10:17 PM,04:05 AM,08:05 PM,14,16,16,16,40,61,88,0.2,1014,19,10,239,20,Canada%2C%20Newfoundland%20and%20Labrador
2020-06-24,20,15,0.0,11.8,4,22,07:19 AM,10:54 PM,04:06 AM,08:05 PM,15,17,17,17,37,77,89,0.0,1013,20,10,222,18,Canada%2C%20Newfoundland%20and%20Labrador
2020-06-25,20,16,0.0,12.7,4,29,08:34 AM,11:24 PM,04:06 AM,08:05 PM,15,17,17,17,30,55,89,0.0,1014,20,8,241,14,Canada%2C%20Newfoundland%20and%20Labrador
2020-06-26,19,16,0.0,10.9,4,37,09:51 AM,11:50 PM,04:06 AM,08:05 PM,16,17,17,17,35,76,93,1.1,1014,19,10,236,17,Canada%2C%20Newfoundland%20and%20Labrador
2020-06-27,17,13,0.0,13.6,4,44,11:08 AM,No moonset,04:07 AM,08:05 PM,12,14,15,14,14,36,83,0.1,1011,17,10,182,7,Canada%2C%20Newfoundland%20and%20Labrador
2020-06-28,16,8,0.0,12.7,3,52,12:25 PM,12:13 AM,04:07 AM,08:05 PM,12,12,13,12,16,71,91,2.0,1015,16,7,178,8,Canada%2C%20Newfoundland%20and%20Labrador
2020-06-29,16,13,0.0,12.7,3,59,01:43 PM,12:36 AM,04:08 AM,08:05 PM,13,14,14,14,18,55,91,0.9,1023,16,5,185,9,Canada%2C%20Newfoundland%20and%20Labrador
2020-06-30,20,12,0.0,11.8,4,67,03:01 PM,01:00 AM,04:08 AM,08:05 PM,15,16,16,16,22,79,91,5.6,1022,20,7,203,11,Canada%2C%20Newfoundland%20and%20Labrador
2020-07-01,20,17,0.0,11.8,4,72,04:20 PM,01:26 AM,04:09 AM,08:05 PM,16,18,18,18,45,81,90,1.0,1014,20,9,234,22,Canada%2C%20Newfoundland%20and%20Labrador
2020-07-02,14,4,0.0,10.0,3,79,05:38 PM,01:57 AM,04:10 AM,08:04 PM,13,12,13,12,22,98,97,8.7,1007,14,7,124,13,Canada%2C%20Newfoundland%20and%20Labrador
2020-07-03,9,-0,0.0,10.0,2,86,06:50 PM,02:35 AM,04:10 AM,08:04 PM,7,5,8,5,35,91,92,27.5,1009,9,7,33,25,Canada%2C%20Newfoundland%20and%20Labrador
2020-07-04,10,7,0.0,14.5,3,94,07:55 PM,03:21 AM,04:11 AM,08:04 PM,5,6,8,6,19,38,76,0.0,1020,10,10,64,14,Canada%2C%20Newfoundland%20and%20Labrador
2020-07-05,11,9,0.0,11.8,3,100,08:48 PM,04:17 AM,04:12 AM,08:03 PM,8,8,10,8,21,41,87,0.0,1018,11,10,57,15,Canada%2C%20Newfoundland%20and%20Labrador
2020-07-06,12,9,0.0,13.6,3,100,09:31 PM,05:20 AM,04:12 AM,08:03 PM,8,9,10,9,16,40,87,0.0,1021,12,9,58,11,Canada%2C%20Newfoundland%20and%20Labrador
2020-07-07,13,8,0.0,14.5,4,85,10:04 PM,06:28 AM,04:13 AM,08:02 PM,7,10,10,10,11,9,81,0.0,1022,13,10,123,8,Canada%2C%20Newfoundland%20and%20Labrador
2020-07-08,14,8,0.0,14.5,4,77,10:30 PM,07:37 AM,04:14 AM,08:02 PM,8,10,11,10,20,9,80,0.0,1023,14,10,180,12,Canada%2C%20Newfoundland%20and%20Labrador
2020-07-09,14,10,0.0,10.8,3,70,10:53 PM,08:44 AM,04:15 AM,08:01 PM,10,10,12,10,21,69,86,0.0,1022,14,10,209,13,Canada%2C%20Newfoundland%20and%20Labrador
2020-07-10,14,11,0.0,12.7,3,63,11:13 PM,09:50 AM,04:16 AM,08:01 PM,8,11,12,11,9,62,79,0.0,1022,14,10,176,6,Canada%2C%20Newfoundland%20and%20Labrador
2020-07-11,18,12,0.0,11.7,4,55,11:32 PM,10:55 AM,04:17 AM,08:00 PM,13,14,15,14,17,63,88,0.3,1021,18,7,209,10,Canada%2C%20Newfoundland%20and%20Labrador
2020-07-12,18,12,0.0,13.5,4,48,11:50 PM,11:58 AM,04:18 AM,07:59 PM,12,14,15,14,35,30,81,0.0,1018,18,10,205,22,Canada%2C%20Newfoundland%20and%20Labrador
2020-07-13,20,11,0.0,11.6,4,41,No moonrise,01:02 PM,04:19 AM,07:58 PM,15,15,16,15,45,68,90,1.3,1012,20,9,189,26,Canada%2C%20Newfoundland%20and%20Labrador
2020-07-14,20,11,0.0,11.6,4,34,12:09 AM,02:06 PM,04:20 AM,07:58 PM,15,15,16,15,26,72,92,0.8,1014,20,9,146,16,Canada%2C%20Newfoundland%20and%20Labrador
2020-07-15,11,10,0.0,9.6,3,26,12:31 AM,03:12 PM,04:21 AM,07:57 PM,10,8,11,8,37,100,96,25.3,1021,11,7,48,27,Canada%2C%20Newfoundland%20and%20Labrador
2020-07-16,11,10,0.0,9.6,3,19,12:56 AM,04:18 PM,04:22 AM,07:56 PM,9,7,11,7,51,100,93,16.1,1022,11,5,41,36,Canada%2C%20Newfoundland%20and%20Labrador
2020-07-17,12,2,0.0,9.6,3,12,01:27 AM,05:25 PM,04:23 AM,07:55 PM,11,8,11,8,40,100,96,7.0,1019,12,8,30,28,Canada%2C%20Newfoundland%20and%20Labrador
2020-07-18,15,12,0.0,9.6,3,5,02:06 AM,06:27 PM,04:24 AM,07:54 PM,12,12,13,12,19,88,93,0.4,1013,15,9,262,13,Canada%2C%20Newfoundland%20and%20Labrador
2020-07-19,19,13,0.0,14.5,5,0,02:54 AM,07:25 PM,04:25 AM,07:53 PM,11,15,16,15,31,26,73,0.0,1012,19,10,253,17,Canada%2C%20Newfoundland%20and%20Labrador
2020-07-20,21,14,0.0,14.5,5,0,03:54 AM,08:13 PM,04:26 AM,07:52 PM,14,17,17,17,38,26,82,0.1,1012,21,10,240,20,Canada%2C%20Newfoundland%20and%20Labrador
2020-07-21,21,17,0.0,13.5,4,2,05:04 AM,08:53 PM,04:27 AM,07:51 PM,17,18,18,18,49,55,90,9.1,1008,21,10,230,26,Canada%2C%20Newfoundland%20and%20Labrador
2020-07-22,20,15,0.0,14.5,5,10,06:19 AM,09:26 PM,04:28 AM,07:50 PM,12,17,17,17,39,9,72,0.0,1013,20,10,258,21,Canada%2C%20Newfoundland%20and%20Labrador
2020-07-23,19,14,0.0,12.5,4,17,07:38 AM,09:54 PM,04:29 AM,07:49 PM,12,16,16,16,33,43,77,0.0,1019,19,10,258,18,Canada%2C%20Newfoundland%20and%20Labrador
2020-07-24,15,12,0.0,9.5,3,24,08:56 AM,10:18 PM,04:31 AM,07:48 PM,12,13,14,13,27,90,88,41.4,1015,15,8,158,15,Canada%2C%20Newfoundland%20and%20Labrador
2020-07-25,17,13,0.0,9.5,4,32,10:15 AM,10:41 PM,04:32 AM,07:47 PM,14,15,15,15,17,77,92,0.2,1015,17,7,209,10,Canada%2C%20Newfoundland%20and%20Labrador
2020-07-26,19,13,0.0,12.5,4,39,11:33 AM,11:05 PM,04:33 AM,07:45 PM,13,15,16,15,32,44,85,4.5,1011,19,10,202,17,Canada%2C%20Newfoundland%20and%20Labrador
2020-07-27,17,13,0.0,9.4,4,46,12:50 PM,11:30 PM,04:34 AM,07:44 PM,14,15,15,15,21,97,95,12.1,1005,17,5,135,13,Canada%2C%20Newfoundland%20and%20Labrador
2020-07-28,16,12,0.0,11.5,4,53,02:08 PM,11:59 PM,04:35 AM,07:43 PM,13,15,15,15,14,65,91,0.1,1008,16,7,156,9,Canada%2C%20Newfoundland%20and%20Labrador
2020-07-29,15,5,0.0,12.5,3,61,03:25 PM,No moonset,04:37 AM,07:42 PM,11,11,13,11,16,49,87,0.1,1016,15,10,101,11,Canada%2C%20Newfoundland%20and%20Labrador
2020-07-30,16,8,0.0,10.4,3,68,04:37 PM,12:33 AM,04:38 AM,07:40 PM,14,12,14,12,21,93,94,0.7,1013,16,7,143,13,Canada%2C%20Newfoundland%20and%20Labrador
2020-07-31,18,10,0.0,9.4,4,72,05:44 PM,01:15 AM,04:39 AM,07:39 PM,16,16,17,16,13,87,95,0.1,1012,18,5,163,7,Canada%2C%20Newfoundland%20and%20Labrador
2020-08-01,18,16,0.0,9.4,4,82,06:40 PM,02:06 AM,04:41 AM,07:37 PM,16,17,17,17,17,92,96,6.4,1008,18,5,152,10,Canada%2C%20Newfoundland%20and%20Labrador
2020-08-02,16,5,0.0,9.3,3,90,07:26 PM,03:06 AM,04:42 AM,07:36 PM,14,13,14,13,25,90,95,0.8,1009,16,7,281,15,Canada%2C%20Newfoundland%20and%20Labrador
2020-08-03,23,14,0.0,14.5,5,97,08:03 PM,04:12 AM,04:43 AM,07:34 PM,14,18,19,18,24,7,78,0.0,1016,23,9,236,12,Canada%2C%20Newfoundland%20and%20Labrador
2020-08-04,21,17,0.0,11.4,5,100,08:32 PM,05:21 AM,04:44 AM,07:33 PM,15,19,20,19,48,57,82,1.1,1011,21,8,258,28,Canada%2C%20Newfoundland%20and%20Labrador
2020-08-05,18,13,0.0,13.5,4,88,08:56 PM,06:29 AM,04:46 AM,07:31 PM,10,14,15,14,22,37,76,0.2,1020,18,10,160,16,Canada%2C%20Newfoundland%20and%20Labrador
2020-08-06,21,13,0.0,11.4,4,81,09:17 PM,07:36 AM,04:47 AM,07:30 PM,15,17,18,17,37,46,84,0.0,1016,21,10,227,22,Canada%2C%20Newfoundland%20and%20Labrador
2020-08-07,21,16,0.0,12.4,4,74,09:36 PM,08:41 AM,04:48 AM,07:28 PM,15,18,18,18,38,52,81,0.3,1012,21,10,255,21,Canada%2C%20Newfoundland%20and%20Labrador
2020-08-08,20,15,0.0,12.4,4,67,09:54 PM,09:45 AM,04:50 AM,07:27 PM,15,18,18,18,20,38,82,0.3,1019,20,10,227,11,Canada%2C%20Newfoundland%20and%20Labrador
2020-08-09,20,16,0.0,14.5,5,59,10:13 PM,10:49 AM,04:51 AM,07:25 PM,15,18,18,18,28,27,82,0.0,1016,20,10,226,16,Canada%2C%20Newfoundland%20and%20Labrador
2020-08-10,22,16,0.0,12.4,5,52,10:33 PM,11:53 AM,04:52 AM,07:23 PM,15,19,20,19,31,34,79,0.7,1016,22,10,240,17,Canada%2C%20Newfoundland%20and%20Labrador
2020-08-11,23,17,0.0,14.5,6,45,10:56 PM,12:57 PM,04:54 AM,07:22 PM,16,20,20,20,33,11,81,0.0,1018,23,10,225,18,Canada%2C%20Newfoundland%20and%20Labrador
2020-08-12,23,17,0.0,14.5,6,38,11:24 PM,02:02 PM,04:55 AM,07:20 PM,16,20,21,20,35,7,78,0.0,1021,23,10,220,20,Canada%2C%20Newfoundland%20and%20Labrador
2020-08-13,22,17,0.0,14.5,6,30,11:59 PM,03:08 PM,04:56 AM,07:18 PM,16,19,20,19,35,37,83,0.0,1019,22,10,202,19,Canada%2C%20Newfoundland%20and%20Labrador
2020-08-14,18,15,0.0,9.1,4,23,No moonrise,04:12 PM,04:58 AM,07:17 PM,16,17,17,17,30,88,91,3.5,1016,18,10,137,19,Canada%2C%20Newfoundland%20and%20Labrador
2020-08-15,15,11,0.0,14.5,4,16,12:42 AM,05:12 PM,04:59 AM,07:15 PM,8,12,14,12,21,28,70,0.1,1022,15,10,50,16,Canada%2C%20Newfoundland%20and%20Labrador
2020-08-16,15,12,0.0,12.2,3,8,01:37 AM,06:04 PM,05:01 AM,07:13 PM,9,12,13,12,19,38,73,1.9,1018,15,9,97,13,Canada%2C%20Newfoundland%20and%20Labrador
2020-08-17,21,13,0.0,14.1,5,1,02:42 AM,06:48 PM,05:02 AM,07:11 PM,12,16,17,16,22,3,72,0.0,1017,21,10,219,13,Canada%2C%20Newfoundland%20and%20Labrador
2020-08-18,18,12,0.0,14.1,5,0,03:56 AM,07:24 PM,05:03 AM,07:09 PM,11,15,16,15,25,25,74,2.5,1014,18,10,167,16,Canada%2C%20Newfoundland%20and%20Labrador
2020-08-19,22,15,0.0,8.8,4,0,05:16 AM,07:55 PM,05:05 AM,07:08 PM,16,18,19,18,39,85,87,2.7,1007,22,7,200,24,Canada%2C%20Newfoundland%20and%20Labrador
2020-08-20,21,16,0.0,11.1,4,6,06:36 AM,08:20 PM,05:06 AM,07:06 PM,15,18,18,18,30,54,81,5.3,1010,21,10,235,18,Canada%2C%20Newfoundland%20and%20Labrador
2020-08-21,19,15,0.0,14.0,5,13,07:58 AM,08:45 PM,05:07 AM,07:04 PM,12,17,17,17,39,11,73,0.0,1009,19,10,253,26,Canada%2C%20Newfoundland%20and%20Labrador
2020-08-22,19,15,0.0,13.9,5,20,09:18 AM,09:08 PM,05:09 AM,07:02 PM,13,17,17,17,23,40,78,0.0,1009,19,10,255,14,Canada%2C%20Newfoundland%20and%20Labrador
2020-08-23,18,13,0.0,13.9,5,28,10:38 AM,09:33 PM,05:10 AM,07:00 PM,11,15,16,15,22,22,73,0.0,1012,18,10,268,14,Canada%2C%20Newfoundland%20and%20Labrador
2020-08-24,18,13,0.0,9.6,4,35,11:58 AM,10:01 PM,05:11 AM,06:58 PM,13,15,15,15,33,60,87,4.4,1011,18,9,268,21,Canada%2C%20Newfoundland%20and%20Labrador
2020-08-25,17,13,0.0,13.4,4,42,01:16 PM,10:33 PM,05:13 AM,06:56 PM,11,13,14,13,24,25,81,0.0,1013,17,10,232,16,Canada%2C%20Newfoundland%20and%20Labrador
2020-08-26,17,9,0.0,10.8,4,50,02:30 PM,11:13 PM,05:14 AM,06:54 PM,15,15,15,15,54,80,90,25.8,1000,17,8,174,35,Canada%2C%20Newfoundland%20and%20Labrador
2020-08-27,18,11,0.0,12.0,3,57,03:38 PM,No moonset,05:15 AM,06:52 PM,9,13,14,13,36,42,71,1.1,998,18,10,227,25,Canada%2C%20Newfoundland%20and%20Labrador
2020-08-28,18,14,0.0,10.8,4,64,04:36 PM,12:01 AM,05:17 AM,06:50 PM,10,14,15,14,44,68,72,1.1,998,18,10,230,29,Canada%2C%20Newfoundland%20and%20Labrador
2020-08-29,18,13,0.0,13.3,5,71,05:25 PM,12:57 AM,05:18 AM,06:48 PM,10,14,15,14,41,23,72,0.0,1004,18,10,256,28,Canada%2C%20Newfoundland%20and%20Labrador
2020-08-30,18,11,0.0,8.3,4,79,06:03 PM,02:01 AM,05:20 AM,06:47 PM,14,13,15,13,28,80,91,52.6,1005,18,6,207,18,Canada%2C%20Newfoundland%20and%20Labrador
2020-08-31,18,13,0.0,8.3,4,82,06:34 PM,03:08 AM,05:21 AM,06:45 PM,14,17,17,17,48,88,83,4.5,1000,18,10,248,31,Canada%2C%20Newfoundland%20and%20Labrador
2020-09-01,14,11,0.0,12.0,3,97,06:59 PM,04:16 AM,05:22 AM,06:43 PM,9,11,13,11,27,58,77,4.1,1018,14,10,244,20,Canada%2C%20Newfoundland%20and%20Labrador
2020-09-02,17,12,0.0,13.2,5,100,07:21 PM,05:24 AM,05:24 AM,06:41 PM,10,14,14,14,17,26,77,0.0,1024,17,10,238,10,Canada%2C%20Newfoundland%20and%20Labrador
2020-09-03,17,12,0.0,13.1,4,88,07:41 PM,06:29 AM,05:25 AM,06:38 PM,11,13,14,13,36,33,82,0.0,1021,17,10,199,22,Canada%2C%20Newfoundland%20and%20Labrador
2020-09-04,19,14,0.0,13.1,5,81,07:59 PM,07:34 AM,05:26 AM,06:36 PM,14,16,17,16,38,34,85,0.0,1019,19,10,184,23,Canada%2C%20Newfoundland%20and%20Labrador
2020-09-05,20,17,0.0,9.4,4,73,08:17 PM,08:37 AM,05:28 AM,06:34 PM,17,19,19,19,38,76,92,0.8,1014,20,9,205,21,Canada%2C%20Newfoundland%20and%20Labrador
2020-09-06,17,13,0.0,13.0,5,66,08:36 PM,09:41 AM,05:29 AM,06:32 PM,11,15,15,15,19,11,78,0.0,1020,17,10,140,11,Canada%2C%20Newfoundland%20and%20Labrador
2020-09-07,17,12,0.0,13.0,5,58,08:58 PM,10:45 AM,05:30 AM,06:30 PM,10,13,14,13,22,2,76,0.0,1027,17,10,225,12,Canada%2C%20Newfoundland%20and%20Labrador
2020-09-08,18,12,0.0,13.0,5,50,09:24 PM,11:50 AM,05:32 AM,06:28 PM,11,14,15,14,28,8,79,0.0,1029,18,10,176,16,Canada%2C%20Newfoundland%20and%20Labrador
2020-09-09,22,17,0.0,12.9,5,43,09:54 PM,12:55 PM,05:33 AM,06:26 PM,16,19,19,19,26,34,84,0.0,1028,22,10,248,14,Canada%2C%20Newfoundland%20and%20Labrador
2020-09-10,17,9,0.0,12.9,3,35,10:33 PM,01:59 PM,05:34 AM,06:24 PM,13,14,15,14,20,52,86,0.0,1026,17,9,151,14,Canada%2C%20Newfoundland%20and%20Labrador
2020-09-11,19,12,0.0,8.0,4,28,11:21 PM,02:59 PM,05:36 AM,06:22 PM,15,16,16,16,37,97,95,26.4,1011,19,8,170,23,Canada%2C%20Newfoundland%20and%20Labrador
2020-09-12,14,9,0.0,12.8,3,20,No moonrise,03:54 PM,05:37 AM,06:20 PM,6,9,12,9,28,32,72,1.1,1018,14,10,300,18,Canada%2C%20Newfoundland%20and%20Labrador
2020-09-13,15,10,0.0,12.8,4,13,12:20 AM,04:40 PM,05:38 AM,06:18 PM,8,11,12,11,25,36,74,0.2,1025,15,10,263,16,Canada%2C%20Newfoundland%20and%20Labrador
2020-09-14,18,12,0.0,9.3,4,5,01:30 AM,05:20 PM,05:40 AM,06:16 PM,13,14,15,14,46,57,85,31.2,1017,18,8,204,28,Canada%2C%20Newfoundland%20and%20Labrador
2020-09-15,14,11,0.0,12.7,3,0,02:47 AM,05:52 PM,05:41 AM,06:14 PM,8,11,13,11,27,55,72,0.2,1013,14,10,260,19,Canada%2C%20Newfoundland%20and%20Labrador
2020-09-16,13,9,0.0,12.7,4,0,04:08 AM,06:20 PM,05:42 AM,06:12 PM,4,9,11,9,23,23,64,0.0,1021,13,10,263,15,Canada%2C%20Newfoundland%20and%20Labrador
2020-09-17,18,10,0.0,12.7,5,0,05:31 AM,06:45 PM,05:44 AM,06:10 PM,9,13,14,13,49,16,72,0.0,1022,18,10,220,30,Canada%2C%20Newfoundland%20and%20Labrador
2020-09-18,19,11,0.0,10.5,4,2,06:53 AM,07:09 PM,05:45 AM,06:08 PM,14,16,17,16,49,70,82,0.2,1019,19,10,203,30,Canada%2C%20Newfoundland%20and%20Labrador
2020-09-19,18,10,0.0,7.9,3,10,08:16 AM,07:34 PM,05:47 AM,06:06 PM,12,12,14,12,51,90,88,54.0,1011,18,5,245,34,Canada%2C%20Newfoundland%20and%20Labrador
2020-09-20,10,8,0.0,12.6,2,17,09:39 AM,08:01 PM,05:48 AM,06:04 PM,4,7,9,7,27,48,70,0.0,1024,10,10,24,20,Canada%2C%20Newfoundland%20and%20Labrador
2020-09-21,12,7,0.0,12.5,3,25,11:01 AM,08:32 PM,05:49 AM,06:02 PM,2,8,9,8,17,11,63,0.0,1030,12,10,279,11,Canada%2C%20Newfoundland%20and%20Labrador
2020-09-22,12,8,0.0,10.5,3,32,12:19 PM,09:10 PM,05:51 AM,06:00 PM,6,8,10,8,24,62,72,1.4,1027,12,10,182,16,Canada%2C%20Newfoundland%20and%20Labrador
2020-09-23,17,11,0.0,6.0,4,40,01:32 PM,09:56 PM,05:52 AM,05:58 PM,15,14,16,14,68,87,95,16.8,1009,17,7,159,37,Canada%2C%20Newfoundland%20and%20Labrador
2020-09-24,17,14,0.0,8.8,4,47,02:34 PM,10:51 PM,05:53 AM,05:56 PM,12,15,16,15,53,52,80,0.4,1001,17,10,231,34,Canada%2C%20Newfoundland%20and%20Labrador
2020-09-25,15,11,0.0,11.6,4,55,03:26 PM,11:53 PM,05:55 AM,05:54 PM,8,10,13,10,39,7,74,0.0,1013,15,10,251,26,Canada%2C%20Newfoundland%20and%20Labrador
2020-09-26,14,9,0.0,11.6,4,62,04:06 PM,No moonset,05:56 AM,05:52 PM,5,8,11,8,38,5,68,0.0,1020,14,10,264,26,Canada%2C%20Newfoundland%20and%20Labrador
2020-09-27,19,11,0.0,11.6,5,70,04:38 PM,12:59 AM,05:57 AM,05:50 PM,11,14,15,14,40,45,77,0.0,1020,19,10,227,23,Canada%2C%20Newfoundland%20and%20Labrador
2020-09-28,19,15,0.0,11.6,5,78,05:05 PM,02:06 AM,05:59 AM,05:48 PM,14,16,17,16,44,47,87,0.0,1020,19,10,245,24,Canada%2C%20Newfoundland%20and%20Labrador
2020-09-29,20,16,0.0,10.1,4,85,05:27 PM,03:14 AM,06:00 AM,05:46 PM,15,17,17,17,47,57,87,0.0,1023,20,10,243,25,Canada%2C%20Newfoundland%20and%20Labrador
2020-09-30,21,16,0.0,8.7,5,93,05:47 PM,04:19 AM,06:01 AM,05:44 PM,16,18,18,18,45,43,89,0.0,1022,21,10,211,22,Canada%2C%20Newfoundland%20and%20Labrador
2020-10-01,20,16,0.0,4.3,4,97,06:05 PM,05:25 AM,06:03 AM,05:42 PM,17,19,19,19,57,94,90,6.5,1016,20,9,219,28,Canada%2C%20Newfoundland%20and%20Labrador
2020-10-02,16,10,0.0,7.2,4,100,06:22 PM,06:28 AM,06:04 AM,05:40 PM,14,15,15,15,18,73,92,5.3,1020,16,8,206,9,Canada%2C%20Newfoundland%20and%20Labrador
2020-10-03,18,14,0.0,4.2,4,89,06:41 PM,07:32 AM,06:05 AM,05:38 PM,16,17,17,17,47,83,90,26.8,1014,18,6,218,24,Canada%2C%20Newfoundland%20and%20Labrador
2020-10-04,12,8,0.0,8.7,4,82,07:02 PM,08:36 AM,06:07 AM,05:36 PM,8,9,11,9,21,30,82,0.0,1020,12,10,215,15,Canada%2C%20Newfoundland%20and%20Labrador
2020-10-05,11,5,0.0,4.2,2,74,07:25 PM,09:41 AM,06:08 AM,05:34 PM,6,7,9,7,21,69,77,0.3,1022,11,10,184,14,Canada%2C%20Newfoundland%20and%20Labrador
2020-10-06,10,8,0.0,8.7,3,67,07:53 PM,10:45 AM,06:10 AM,05:32 PM,3,6,9,6,20,9,68,0.0,1023,10,10,72,14,Canada%2C%20Newfoundland%20and%20Labrador
2020-10-07,14,7,0.0,5.7,3,60,08:28 PM,11:50 AM,06:11 AM,05:30 PM,7,8,11,8,38,38,79,0.0,1019,14,10,195,24,Canada%2C%20Newfoundland%20and%20Labrador
2020-10-08,15,7,0.0,4.2,3,53,09:12 PM,12:50 PM,06:12 AM,05:28 PM,12,11,13,11,59,93,88,47.0,992,15,7,179,38,Canada%2C%20Newfoundland%20and%20Labrador
2020-10-09,10,6,0.0,4.2,2,45,10:05 PM,01:46 PM,06:14 AM,05:26 PM,4,4,9,4,60,82,72,2.1,990,10,9,231,46,Canada%2C%20Newfoundland%20and%20Labrador
2020-10-10,10,3,0.0,8.7,3,38,11:09 PM,02:34 PM,06:15 AM,05:24 PM,2,3,8,3,52,45,68,0.7,1012,10,10,251,37,Canada%2C%20Newfoundland%20and%20Labrador
2020-10-11,17,10,0.0,8.7,3,31,No moonrise,03:16 PM,06:17 AM,05:22 PM,9,12,14,12,59,58,81,10.1,1014,17,9,217,36,Canada%2C%20Newfoundland%20and%20Labrador
2020-10-12,8,4,0.0,8.7,3,23,12:20 AM,03:50 PM,06:18 AM,05:20 PM,1,3,7,3,34,31,70,0.2,1020,8,10,279,24,Canada%2C%20Newfoundland%20and%20Labrador
2020-10-13,9,4,0.0,8.7,3,16,01:38 AM,04:18 PM,06:20 AM,05:18 PM,1,4,6,4,16,8,72,0.0,1026,9,10,271,10,Canada%2C%20Newfoundland%20and%20Labrador
2020-10-14,11,4,0.0,8.7,3,9,02:59 AM,04:44 PM,06:21 AM,05:16 PM,5,5,8,5,27,8,80,0.0,1026,11,10,193,17,Canada%2C%20Newfoundland%20and%20Labrador
2020-10-15,14,11,0.0,4.1,3,2,04:21 AM,05:08 PM,06:22 AM,05:14 PM,12,10,13,10,50,86,93,13.5,1019,14,8,176,28,Canada%2C%20Newfoundland%20and%20Labrador
2020-10-16,16,13,0.0,5.6,3,0,05:45 AM,05:32 PM,06:24 AM,05:12 PM,13,13,14,13,17,67,95,0.9,1026,16,6,170,8,Canada%2C%20Newfoundland%20and%20Labrador
2020-10-17,13,10,0.0,4.1,3,0,07:09 AM,05:58 PM,06:25 AM,05:10 PM,12,11,12,11,25,91,97,0.6,1033,13,8,113,15,Canada%2C%20Newfoundland%20and%20Labrador
2020-10-18,13,9,0.0,8.7,4,5,08:34 AM,06:27 PM,06:27 AM,05:08 PM,8,8,10,8,26,34,87,0.1,1031,13,10,159,16,Canada%2C%20Newfoundland%20and%20Labrador
2020-10-19,13,4,0.0,7.1,3,13,09:58 AM,07:04 PM,06:28 AM,05:07 PM,10,10,11,10,14,61,87,0.0,1035,13,10,173,8,Canada%2C%20Newfoundland%20and%20Labrador
2020-10-20,13,9,0.0,8.7,3,20,11:17 AM,07:48 PM,06:30 AM,05:05 PM,9,9,11,9,25,23,86,0.0,1032,13,10,215,15,Canada%2C%20Newfoundland%20and%20Labrador
2020-10-21,14,6,0.0,5.6,3,27,12:26 PM,08:41 PM,06:31 AM,05:03 PM,9,10,12,10,40,56,84,0.0,1027,14,10,196,23,Canada%2C%20Newfoundland%20and%20Labrador
2020-10-22,16,7,0.0,4.0,3,35,01:23 PM,09:43 PM,06:33 AM,05:01 PM,10,10,13,10,45,90,87,4.4,1018,16,6,212,27,Canada%2C%20Newfoundland%20and%20Labrador
2020-10-23,6,4,0.0,3.8,2,42,02:08 PM,10:49 PM,06:34 AM,04:59 PM,1,3,6,3,32,43,69,0.1,1024,6,10,258,22,Canada%2C%20Newfoundland%20and%20Labrador
2020-10-24,9,2,0.0,8.7,3,49,02:43 PM,11:57 PM,06:36 AM,04:58 PM,3,3,6,3,27,20,76,0.0,1023,9,10,154,18,Canada%2C%20Newfoundland%20and%20Labrador
2020-10-25,12,6,0.0,3.8,3,56,03:11 PM,No moonset,06:37 AM,04:56 PM,8,6,10,6,45,74,89,37.8,1003,12,8,275,28,Canada%2C%20Newfoundland%20and%20Labrador
2020-10-26,5,2,0.0,8.7,2,64,03:34 PM,01:05 AM,06:39 AM,04:54 PM,-4,-2,3,-2,36,21,59,0.0,1026,5,10,289,25,Canada%2C%20Newfoundland%20and%20Labrador
2020-10-27,9,2,0.0,3.8,2,71,03:54 PM,02:11 AM,06:40 AM,04:52 PM,3,3,6,3,29,76,79,21.3,1015,9,8,209,18,Canada%2C%20Newfoundland%20and%20Labrador
2020-10-28,4,2,0.6,3.8,1,78,04:12 PM,03:16 AM,06:42 AM,04:51 PM,-0,-1,4,-1,37,89,75,1.2,1007,4,8,317,28,Canada%2C%20Newfoundland%20and%20Labrador
2020-10-29,4,-2,0.2,3.8,1,85,04:29 PM,04:20 AM,06:43 AM,04:49 PM,-0,0,3,0,13,95,77,0.2,1008,4,10,222,9,Canada%2C%20Newfoundland%20and%20Labrador
2020-10-30,4,1,0.0,7.1,1,93,04:47 PM,05:24 AM,06:45 AM,04:47 PM,-2,-2,3,-2,37,52,68,1.2,1003,4,8,295,29,Canada%2C%20Newfoundland%20and%20Labrador
2020-10-31,2,1,0.4,3.8,1,97,05:07 PM,06:28 AM,06:46 AM,04:46 PM,-4,-4,2,-4,35,76,67,0.9,1013,2,6,330,25,Canada%2C%20Newfoundland%20and%20Labrador
2020-11-01,5,-1,0.0,7.0,1,89,05:29 PM,07:33 AM,06:48 AM,04:44 PM,-3,-3,2,-3,39,39,68,0.0,1028,5,10,269,27,Canada%2C%20Newfoundland%20and%20Labrador
2020-11-02,11,1,0.0,5.4,2,81,05:55 PM,08:38 AM,06:50 AM,04:43 PM,7,4,8,4,64,75,82,23.2,1014,11,9,180,41,Canada%2C%20Newfoundland%20and%20Labrador
2020-11-03,9,-1,0.0,3.7,2,74,06:27 PM,09:43 AM,06:51 AM,04:41 PM,4,4,7,4,40,65,76,33.2,1002,9,9,219,28,Canada%2C%20Newfoundland%20and%20Labrador
2020-11-04,2,-9,0.1,5.4,1,66,07:08 PM,10:45 AM,06:53 AM,04:40 PM,-2,-5,1,-5,50,80,73,14.0,1015,2,4,253,40,Canada%2C%20Newfoundland%20and%20Labrador
2020-11-05,2,-3,0.0,8.7,2,58,07:57 PM,11:43 AM,06:54 AM,04:38 PM,-6,-5,0,-5,32,34,63,0.1,1037,2,9,272,22,Canada%2C%20Newfoundland%20and%20Labrador
2020-11-06,9,3,0.0,3.7,2,51,08:56 PM,12:32 PM,06:56 AM,04:37 PM,4,2,6,2,46,81,85,0.4,1026,9,9,222,30,Canada%2C%20Newfoundland%20and%20Labrador
2020-11-07,11,3,0.0,3.7,2,43,10:04 PM,01:15 PM,06:57 AM,04:35 PM,7,5,9,5,57,97,85,3.2,1012,11,4,253,33,Canada%2C%20Newfoundland%20and%20Labrador
2020-11-08,3,1,0.3,7.0,1,36,11:17 PM,01:50 PM,06:59 AM,04:34 PM,-4,-3,2,-3,32,58,66,0.7,1023,3,7,330,24,Canada%2C%20Newfoundland%20and%20Labrador
2020-11-09,4,-4,0.0,7.0,1,28,No moonrise,02:19 PM,07:00 AM,04:33 PM,-1,-3,2,-3,34,62,75,0.4,1021,4,9,272,23,Canada%2C%20Newfoundland%20and%20Labrador
2020-11-10,9,1,0.0,7.0,2,21,12:33 AM,02:45 PM,07:02 AM,04:31 PM,6,3,6,3,44,60,91,0.0,1014,9,9,251,25,Canada%2C%20Newfoundland%20and%20Labrador
2020-11-11,10,-0,0.0,3.5,2,13,01:52 AM,03:09 PM,07:03 AM,04:30 PM,4,3,7,3,40,68,80,0.1,1013,10,10,154,24,Canada%2C%20Newfoundland%20and%20Labrador
2020-11-12,12,7,0.0,3.5,3,6,03:13 AM,03:32 PM,07:05 AM,04:29 PM,9,7,10,7,60,69,89,0.0,1007,12,10,240,31,Canada%2C%20Newfoundland%20and%20Labrador
2020-11-13,5,3,0.0,8.7,2,0,04:35 AM,03:55 PM,07:06 AM,04:28 PM,1,2,5,2,25,37,77,0.0,1015,5,10,271,16,Canada%2C%20Newfoundland%20and%20Labrador
2020-11-14,2,-7,0.4,3.4,1,0,06:00 AM,04:22 PM,07:08 AM,04:26 PM,-1,-4,1,-4,40,72,85,15.7,1011,2,4,72,28,Canada%2C%20Newfoundland%20and%20Labrador
2020-11-15,2,1,4.4,3.4,1,0,07:25 AM,04:55 PM,07:09 AM,04:25 PM,0,-4,2,-4,39,92,91,12.2,1009,2,3,16,27,Canada%2C%20Newfoundland%20and%20Labrador
2020-11-16,3,-6,0.2,8.7,1,2,08:49 AM,05:35 PM,07:11 AM,04:24 PM,-1,-3,0,-3,29,61,81,1.0,1023,3,9,237,19,Canada%2C%20Newfoundland%20and%20Labrador
2020-11-17,7,5,0.0,5.2,2,9,10:06 AM,06:25 PM,07:12 AM,04:23 PM,4,2,6,2,42,75,87,18.4,1005,7,9,214,27,Canada%2C%20Newfoundland%20and%20Labrador
2020-11-18,4,-2,0.0,8.7,1,17,11:12 AM,07:26 PM,07:14 AM,04:22 PM,0,-0,3,-0,21,44,80,0.3,1008,4,10,265,14,Canada%2C%20Newfoundland%20and%20Labrador
2020-11-19,1,-1,0.0,5.2,1,24,12:04 PM,08:32 PM,07:15 AM,04:21 PM,-6,-6,-0,-6,32,67,66,0.2,1017,1,8,290,23,Canada%2C%20Newfoundland%20and%20Labrador
2020-11-20,3,-3,0.0,3.4,1,32,12:44 PM,09:43 PM,07:17 AM,04:20 PM,-2,-5,0,-5,39,79,79,5.8,1026,3,7,237,26,Canada%2C%20Newfoundland%20and%20Labrador
2020-11-21,8,5,0.0,3.4,2,39,01:15 PM,10:52 PM,07:18 AM,04:19 PM,4,2,6,2,41,77,89,2.9,1014,8,8,245,25,Canada%2C%20Newfoundland%20and%20Labrador
2020-11-22,1,-5,0.0,3.4,1,47,01:40 PM,No moonset,07:20 AM,04:18 PM,-4,-5,0,-5,35,53,70,0.1,1024,1,9,298,26,Canada%2C%20Newfoundland%20and%20Labrador
2020-11-23,1,-6,0.0,8.7,2,54,02:00 PM,12:00 AM,07:21 AM,04:18 PM,-7,-4,-1,-4,20,19,62,0.0,1036,1,10,218,14,Canada%2C%20Newfoundland%20and%20Labrador
2020-11-24,12,4,0.0,3.4,2,62,02:19 PM,01:06 AM,07:22 AM,04:17 PM,4,3,8,3,75,93,86,36.2,1007,12,7,185,47,Canada%2C%20Newfoundland%20and%20Labrador
2020-11-25,-2,-8,0.0,8.7,1,70,02:36 PM,02:10 AM,07:24 AM,04:16 PM,-9,-8,-2,-8,40,37,56,0.1,1023,-2,8,277,32,Canada%2C%20Newfoundland%20and%20Labrador
2020-11-26,4,-3,0.0,6.9,1,77,02:54 PM,03:14 AM,07:25 AM,04:15 PM,-3,-3,1,-3,28,72,72,1.1,1032,4,9,229,19,Canada%2C%20Newfoundland%20and%20Labrador
2020-11-27,7,2,0.0,3.3,2,85,03:13 PM,04:18 AM,07:27 AM,04:15 PM,4,2,5,2,39,80,89,1.3,1028,7,5,199,22,Canada%2C%20Newfoundland%20and%20Labrador
2020-11-28,11,6,0.0,3.3,3,92,03:34 PM,05:23 AM,07:28 AM,04:14 PM,9,6,9,6,44,85,95,2.8,1012,11,10,184,22,Canada%2C%20Newfoundland%20and%20Labrador
2020-11-29,8,0,0.0,3.3,2,100,03:58 PM,06:28 AM,07:29 AM,04:14 PM,6,4,6,4,26,95,95,19.1,1004,8,7,256,15,Canada%2C%20Newfoundland%20and%20Labrador
2020-11-30,3,2,0.0,8.7,2,100,04:28 PM,07:34 AM,07:30 AM,04:13 PM,-2,-2,2,-2,34,3,74,0.0,1024,3,10,266,24,Canada%2C%20Newfoundland%20and%20Labrador
2020-12-01,6,-1,0.0,8.7,1,89,05:07 PM,08:38 AM,07:32 AM,04:13 PM,1,0,4,0,27,26,81,0.0,1039,6,10,157,18,Canada%2C%20Newfoundland%20and%20Labrador
2020-12-02,11,6,0.0,3.3,2,82,05:53 PM,09:38 AM,07:33 AM,04:12 PM,8,5,9,5,48,86,97,6.5,1028,11,7,162,25,Canada%2C%20Newfoundland%20and%20Labrador
2020-12-03,12,2,0.0,3.3,3,75,06:50 PM,10:31 AM,07:34 AM,04:12 PM,10,7,11,7,50,94,95,32.6,1018,12,8,193,26,Canada%2C%20Newfoundland%20and%20Labrador
2020-12-04,7,4,0.0,6.9,2,67,07:55 PM,11:16 AM,07:35 AM,04:12 PM,5,4,7,4,20,46,88,12.8,1020,7,9,277,12,Canada%2C%20Newfoundland%20and%20Labrador
2020-12-05,9,4,0.0,6.9,2,60,09:05 PM,11:53 AM,07:36 AM,04:11 PM,5,3,6,3,34,52,88,0.0,1022,9,10,214,19,Canada%2C%20Newfoundland%20and%20Labrador
2020-12-06,8,3,0.0,3.3,2,53,10:19 PM,12:23 PM,07:37 AM,04:11 PM,6,4,7,4,36,72,93,5.7,1010,8,7,152,19,Canada%2C%20Newfoundland%20and%20Labrador
2020-12-07,8,0,0.0,3.3,2,46,11:35 PM,12:49 PM,07:38 AM,04:11 PM,4,4,7,4,28,81,83,2.7,999,8,9,209,16,Canada%2C%20Newfoundland%20and%20Labrador
2020-12-08,5,2,0.0,8.7,1,38,No moonrise,01:12 PM,07:39 AM,04:11 PM,2,0,4,0,26,65,86,10.8,999,5,9,193,19,Canada%2C%20Newfoundland%20and%20Labrador
2020-12-09,6,-7,0.0,3.3,1,31,12:51 AM,01:34 PM,07:40 AM,04:11 PM,3,-2,3,-2,51,100,93,29.1,983,6,5,226,36,Canada%2C%20Newfoundland%20and%20Labrador
2020-12-10,3,2,0.0,5.1,1,24,02:10 AM,01:56 PM,07:41 AM,04:11 PM,-0,-1,3,-1,27,80,81,0.0,1007,3,10,214,19,Canada%2C%20Newfoundland%20and%20Labrador
2020-12-11,2,-7,2.0,3.3,1,17,03:31 AM,02:20 PM,07:42 AM,04:11 PM,0,-4,1,-4,42,97,91,14.0,1006,2,2,221,29,Canada%2C%20Newfoundland%20and%20Labrador
2020-12-12,2,-3,0.0,6.9,1,9,04:53 AM,02:49 PM,07:43 AM,04:11 PM,-2,-4,1,-4,33,67,79,0.0,1018,2,10,294,23,Canada%2C%20Newfoundland%20and%20Labrador
2020-12-13,-1,-3,0.7,3.3,1,2,06:17 AM,03:24 PM,07:44 AM,04:11 PM,-4,-6,-1,-6,21,88,81,6.3,1025,-1,7,205,15,Canada%2C%20Newfoundland%20and%20Labrador
2020-12-14,0,-10,0.0,3.2,1,0,07:38 AM,04:09 PM,07:45 AM,04:11 PM,-0,-7,-1,-7,44,100,96,13.1,1013,0,3,92,30,Canada%2C%20Newfoundland%20and%20Labrador
2020-12-15,9,-1,7.6,3.2,1,0,08:50 AM,05:04 PM,07:46 AM,04:11 PM,1,-4,3,-4,73,93,88,38.4,989,9,3,179,48,Canada%2C%20Newfoundland%20and%20Labrador
2020-12-16,-1,-2,0.0,8.7,1,5,09:51 AM,06:10 PM,07:46 AM,04:11 PM,-7,-11,-1,-11,75,43,66,0.2,992,-1,6,271,62,Canada%2C%20Newfoundland%20and%20Labrador
2020-12-17,-1,-9,0.1,5.1,1,12,10:38 AM,07:21 PM,07:47 AM,04:12 PM,-5,-8,-2,-8,36,75,78,0.1,1015,-1,10,312,28,Canada%2C%20Newfoundland%20and%20Labrador
2020-12-18,0,-6,0.3,3.2,1,20,11:14 AM,08:33 PM,07:48 AM,04:12 PM,-3,-5,-0,-5,30,96,82,0.5,1019,0,7,103,20,Canada%2C%20Newfoundland%20and%20Labrador
2020-12-19,2,0,0.7,3.2,1,27,11:42 AM,09:45 PM,07:48 AM,04:12 PM,0,-5,1,-5,48,94,92,1.4,1015,2,2,27,33,Canada%2C%20Newfoundland%20and%20Labrador
2020-12-20,-1,-2,0.1,6.9,1,34,12:05 PM,10:52 PM,07:49 AM,04:13 PM,-5,-6,-1,-6,23,55,78,0.1,1023,-1,10,264,16,Canada%2C%20Newfoundland%20and%20Labrador
2020-12-21,2,-4,0.0,3.2,1,41,12:24 PM,11:58 PM,07:49 AM,04:13 PM,-2,-4,-0,-4,27,61,82,0.1,1028,2,10,204,17,Canada%2C%20Newfoundland%20and%20Labrador
2020-12-22,9,3,0.0,3.2,2,49,12:42 PM,No moonset,07:50 AM,04:14 PM,5,1,6,1,80,95,90,37.3,1006,9,7,170,48,Canada%2C%20Newfoundland%20and%20Labrador
2020-12-23,2,-1,0.3,3.2,1,56,01:00 PM,01:03 AM,07:50 AM,04:15 PM,-1,-3,2,-3,35,72,83,2.0,1002,2,10,257,22,Canada%2C%20Newfoundland%20and%20Labrador
2020-12-24,-0,-5,0.1,8.6,2,63,01:18 PM,02:06 AM,07:51 AM,04:15 PM,-7,-6,-1,-6,24,37,66,0.1,1031,-0,10,283,17,Canada%2C%20Newfoundland%20and%20Labrador
2020-12-25,4,-2,0.0,8.7,2,70,01:38 PM,03:11 AM,07:51 AM,04:16 PM,-2,-3,2,-3,29,4,76,0.0,1039,4,10,206,18,Canada%2C%20Newfoundland%20and%20Labrador
2020-12-26,5,-4,0.0,6.9,1,78,02:01 PM,04:16 AM,07:51 AM,04:17 PM,2,-1,3,-1,40,34,89,0.0,1028,5,10,163,23,Canada%2C%20Newfoundland%20and%20Labrador
2020-12-27,9,3,0.0,3.2,2,85,02:29 PM,05:22 AM,07:51 AM,04:17 PM,3,2,6,2,51,65,84,3.9,1019,9,9,209,27,Canada%2C%20Newfoundland%20and%20Labrador
2020-12-28,1,-6,0.0,8.7,2,92,03:04 PM,06:27 AM,07:52 AM,04:18 PM,-4,-3,1,-3,18,9,69,0.0,1031,1,10,214,13,Canada%2C%20Newfoundland%20and%20Labrador
2020-12-29,2,-3,0.0,3.3,1,100,03:48 PM,07:30 AM,07:52 AM,04:19 PM,-1,-3,1,-3,21,74,85,0.0,1021,2,10,147,14,Canada%2C%20Newfoundland%20and%20Labrador
2020-12-30,4,-7,0.0,6.9,1,100,04:42 PM,08:26 AM,07:52 AM,04:20 PM,-2,-5,1,-5,38,72,82,5.9,1005,4,8,237,27,Canada%2C%20Newfoundland%20and%20Labrador
2020-12-31,1,-7,0.0,6.9,1,89,05:45 PM,09:15 AM,07:52 AM,04:21 PM,-5,-7,-2,-7,35,42,72,1.7,1017,1,10,237,27,Canada%2C%20Newfoundland%20and%20Labrador
2021-01-01,2,-2,0.0,6.9,1,79,06:55 PM,09:55 AM,07:52 AM,04:22 PM,-3,-5,1,-5,44,51,76,10.3,1010,2,9,265,33,Canada%2C%20Newfoundland%20and%20Labrador
2021-01-02,-2,-3,0.0,8.7,2,71,08:09 PM,10:27 AM,07:52 AM,04:23 PM,-8,-8,-3,-8,26,20,64,0.0,1021,-2,10,271,20,Canada%2C%20Newfoundland%20and%20Labrador
2021-01-03,0,-5,0.1,3.3,1,64,09:25 PM,10:54 AM,07:52 AM,04:24 PM,-3,-7,-1,-7,39,100,82,5.9,1015,0,2,82,30,Canada%2C%20Newfoundland%20and%20Labrador
2021-01-04,0,-5,0.2,8.7,2,57,10:40 PM,11:18 AM,07:52 AM,04:25 PM,-3,-6,-1,-6,33,34,80,0.2,1021,0,10,27,24,Canada%2C%20Newfoundland%20and%20Labrador
2021-01-05,2,-9,0.0,3.3,1,50,11:56 PM,11:40 AM,07:51 AM,04:26 PM,-0,-5,0,-5,45,77,90,7.5,1015,2,9,22,32,Canada%2C%20Newfoundland%20and%20Labrador
2021-01-06,6,3,0.0,3.3,2,42,No moonrise,12:01 PM,07:51 AM,04:27 PM,5,2,5,2,28,97,99,12.7,1004,6,8,117,14,Canada%2C%20Newfoundland%20and%20Labrador
2021-01-07,6,2,0.0,3.3,2,35,01:14 AM,12:23 PM,07:51 AM,04:28 PM,5,1,6,1,63,98,97,14.6,997,6,6,117,33,Canada%2C%20Newfoundland%20and%20Labrador
2021-01-08,7,5,0.0,3.3,2,28,02:32 AM,12:49 PM,07:51 AM,04:29 PM,5,3,6,3,27,95,94,7.0,993,7,8,165,15,Canada%2C%20Newfoundland%20and%20Labrador
2021-01-09,6,4,0.0,3.3,2,20,03:53 AM,01:20 PM,07:50 AM,04:31 PM,3,0,5,0,41,94,89,0.5,1000,6,9,234,27,Canada%2C%20Newfoundland%20and%20Labrador
2021-01-10,3,-4,0.1,3.3,1,13,05:13 AM,01:58 PM,07:50 AM,04:32 PM,1,-3,2,-3,30,74,90,0.5,1003,3,7,78,22,Canada%2C%20Newfoundland%20and%20Labrador
2021-01-11,-0,-7,0.3,3.3,1,6,06:28 AM,02:47 PM,07:49 AM,04:33 PM,-3,-6,-1,-6,33,99,83,1.0,1010,-0,5,331,26,Canada%2C%20Newfoundland%20and%20Labrador
2021-01-12,-1,-7,0.0,8.7,1,0,07:34 AM,03:48 PM,07:49 AM,04:34 PM,-7,-7,-2,-7,22,38,67,0.0,1016,-1,10,271,17,Canada%2C%20Newfoundland%20and%20Labrador
2021-01-13,1,-6,0.2,3.3,1,0,08:27 AM,04:57 PM,07:48 AM,04:36 PM,-3,-4,-1,-4,15,89,81,0.2,1014,1,9,252,11,Canada%2C%20Newfoundland%20and%20Labrador
2021-01-14,2,-0,0.6,3.3,1,1,09:09 AM,06:10 PM,07:48 AM,04:37 PM,-1,-3,1,-3,17,89,88,0.7,1016,2,8,221,11,Canada%2C%20Newfoundland%20and%20Labrador
2021-01-15,-1,-8,8.7,3.3,1,8,09:41 AM,07:23 PM,07:47 AM,04:39 PM,-2,-5,-1,-5,24,98,89,10.6,1014,-1,4,129,16,Canada%2C%20Newfoundland%20and%20Labrador
2021-01-16,2,-5,13.7,3.4,1,16,10:06 AM,08:34 PM,07:46 AM,04:40 PM,0,-6,1,-6,70,100,94,20.0,1009,2,3,95,49,Canada%2C%20Newfoundland%20and%20Labrador
2021-01-17,3,-6,0.0,3.4,1,23,10:27 AM,09:42 PM,07:46 AM,04:41 PM,2,-3,2,-3,39,98,97,6.8,1009,3,10,87,24,Canada%2C%20Newfoundland%20and%20Labrador
2021-01-18,3,1,0.1,3.4,1,30,10:46 AM,10:48 PM,07:45 AM,04:43 PM,0,-2,2,-2,34,57,85,0.1,1002,3,10,212,20,Canada%2C%20Newfoundland%20and%20Labrador
2021-01-19,3,-9,4.3,3.4,1,38,11:04 AM,11:53 PM,07:44 AM,04:44 PM,1,-3,1,-3,32,92,93,25.6,996,3,4,208,21,Canada%2C%20Newfoundland%20and%20Labrador
2021-01-20,-3,-10,0.0,5.2,1,45,11:22 AM,No moonset,07:43 AM,04:46 PM,-7,-10,-3,-10,43,81,75,0.4,998,-3,8,257,33,Canada%2C%20Newfoundland%20and%20Labrador
2021-01-21,-2,-10,0.0,3.4,1,52,11:41 AM,12:57 AM,07:42 AM,04:47 PM,-4,-9,-3,-9,45,86,85,50.9,1000,-2,5,124,32,Canada%2C%20Newfoundland%20and%20Labrador
2021-01-22,-1,-4,0.0,6.9,1,59,12:02 PM,02:02 AM,07:41 AM,04:49 PM,-4,-10,-2,-10,56,63,85,26.8,995,-1,5,274,41,Canada%2C%20Newfoundland%20and%20Labrador
2021-01-23,-2,-6,0.0,3.4,1,67,12:28 PM,03:07 AM,07:40 AM,04:50 PM,-8,-11,-4,-11,29,57,78,0.0,996,-2,10,251,19,Canada%2C%20Newfoundland%20and%20Labrador
2021-01-24,-0,-4,0.0,6.9,1,74,01:00 PM,04:12 AM,07:39 AM,04:52 PM,-5,-8,-2,-8,32,38,81,0.0,991,-0,10,242,22,Canada%2C%20Newfoundland%20and%20Labrador
2021-01-25,-1,-3,0.0,3.4,1,81,01:40 PM,05:16 AM,07:38 AM,04:53 PM,-5,-6,-2,-6,18,71,83,0.0,994,-1,10,284,12,Canada%2C%20Newfoundland%20and%20Labrador
2021-01-26,1,-8,0.9,3.4,1,88,02:30 PM,06:15 AM,07:37 AM,04:55 PM,-1,-6,-1,-6,38,98,95,4.8,999,1,3,333,27,Canada%2C%20Newfoundland%20and%20Labrador
2021-01-27,0,-9,0.5,5.2,1,96,03:31 PM,07:08 AM,07:36 AM,04:56 PM,-3,-7,-1,-7,33,80,84,2.8,1010,0,7,132,23,Canada%2C%20Newfoundland%20and%20Labrador
2021-01-28,-5,-10,0.3,3.5,1,100,04:39 PM,07:52 AM,07:35 AM,04:58 PM,-8,-10,-5,-10,22,74,81,0.4,1007,-5,8,284,14,Canada%2C%20Newfoundland%20and%20Labrador
2021-01-29,-4,-9,0.3,3.6,1,90,05:54 PM,08:27 AM,07:34 AM,05:00 PM,-7,-11,-5,-11,28,83,85,0.5,1003,-4,8,167,20,Canada%2C%20Newfoundland%20and%20Labrador
2021-01-30,-3,-10,0.0,3.6,1,82,07:12 PM,08:57 AM,07:32 AM,05:01 PM,-6,-10,-4,-10,32,85,85,0.8,998,-3,6,269,23,Canada%2C%20Newfoundland%20and%20Labrador
2021-01-31,1,-3,0.7,3.6,1,79,08:29 PM,09:22 AM,07:31 AM,05:03 PM,-2,-7,-1,-7,34,97,92,1.8,1005,1,3,322,24,Canada%2C%20Newfoundland%20and%20Labrador
2021-02-01,-3,-8,0.0,3.7,1,63,09:47 PM,09:45 AM,07:30 AM,05:04 PM,-5,-10,-3,-10,42,99,84,1.4,1017,-3,3,318,32,Canada%2C%20Newfoundland%20and%20Labrador
2021-02-02,-2,-10,0.0,8.7,1,55,11:04 PM,10:06 AM,07:29 AM,05:06 PM,-6,-8,-4,-8,19,64,84,0.0,1031,-2,10,200,13,Canada%2C%20Newfoundland%20and%20Labrador
2021-02-03,3,-5,0.1,3.7,1,48,No moonrise,10:28 AM,07:27 AM,05:08 PM,0,-6,-0,-6,65,94,94,23.9,1015,3,7,142,38,Canada%2C%20Newfoundland%20and%20Labrador
2021-02-04,6,-3,0.0,5.4,1,40,12:22 AM,10:52 AM,07:26 AM,05:09 PM,5,2,5,2,37,80,97,0.3,1006,6,7,196,18,Canada%2C%20Newfoundland%20and%20Labrador
2021-02-05,4,2,0.0,5.4,1,33,01:41 AM,11:21 AM,07:24 AM,05:11 PM,2,-0,3,-0,31,86,93,6.6,1005,4,7,215,17,Canada%2C%20Newfoundland%20and%20Labrador
2021-02-06,3,-4,0.0,5.4,1,25,03:00 AM,11:55 AM,07:23 AM,05:12 PM,0,-4,1,-4,41,81,88,10.0,1013,3,9,220,25,Canada%2C%20Newfoundland%20and%20Labrador
2021-02-07,-0,-6,0.0,7.0,1,18,04:15 AM,12:39 PM,07:21 AM,05:14 PM,-5,-7,-0,-7,58,41,72,0.3,1010,-0,7,263,43,Canada%2C%20Newfoundland%20and%20Labrador
